1648783800000,60.02,65.03,60.0,62.48,4049.9,1648783859999
1648783860000,62.48,64.64,62.45,64.51,4060.3,1648783919999
1648783920000,64.5,66.84,64.08,66.33,8114.9,1648783979999
1648783980000,66.26,66.59,64.48,65.41,3640.4,1648784039999
1648784040000,65.39,65.49,64.0,64.33,2538.7,1648784099999
1648784100000,64.33,65.49,64.28,65.3,1761.5,1648784159999
1648784160000,65.43,66.38,65.13,66.1,5778.6,1648784219999
1648784220000,66.18,66.68,66.0,66.17,3975.7,1648784279999
1648784280000,66.09,67.5,65.87,67.5,2777.9,1648784339999
1648784340000,67.54,67.86,66.57,67.0,2918.0,1648784399999
1648784400000,66.92,68.22,66.8,67.14,4569.7,1648784459999
1648784460000,67.11,67.47,66.95,67.18,2273.9,1648784519999
1648784520000,67.13,67.23,66.98,66.98,2271.1,1648784579999
1648784580000,66.98,67.95,66.98,67.93,3094.9,1648784639999
1648784640000,67.9,68.39,67.71,68.15,4588.2,1648784699999
1648784700000,68.14,69.68,68.05,69.56,5041.3,1648784759999
1648784760000,69.64,71.66,69.56,71.17,12474.5,1648784819999
1648784820000,71.22,71.7,68.29,70.26,12862.3,1648784879999
1648784880000,70.2,70.56,68.99,69.75,7887.6,1648784939999
1648784940000,69.75,69.82,68.1,68.1,8989.4,1648784999999
1648785000000,68.17,68.37,66.93,68.27,9712.7,1648785059999
1648785060000,68.37,68.4,66.8,67.79,6919.9,1648785119999
1648785120000,67.71,68.34,66.87,68.2,5227.1,1648785179999
1648785180000,68.2,69.62,68.19,69.2,6160.7,1648785239999
1648785240000,69.18,69.6,68.88,69.08,4411.8,1648785299999
1648785300000,69.09,69.64,69.0,69.24,4559.8,1648785359999
1648785360000,69.13,69.27,68.0,69.18,4769.1,1648785419999
1648785420000,69.18,69.5,68.59,69.48,2470.9,1648785479999
1648785480000,69.48,69.5,68.46,68.52,3258.5,1648785539999
1648785540000,68.63,69.01,68.56,68.8,1488.4,1648785599999
1648785600000,68.74,69.13,68.05,69.13,4278.1,1648785659999
1648785660000,69.13,69.16,68.73,68.94,2546.9,1648785719999
1648785720000,68.93,69.04,67.99,68.56,3177.8,1648785779999
1648785780000,68.57,68.77,68.51,68.52,1183.7,1648785839999
1648785840000,68.58,68.61,67.45,67.58,3527.7,1648785899999
1648785900000,67.66,67.66,65.6,66.28,7805.3,1648785959999
1648785960000,66.13,68.0,66.0,67.42,3665.8,1648786019999
1648786020000,67.39,67.67,66.38,67.48,3015.0,1648786079999
1648786080000,67.34,67.35,66.55,66.98,2176.2,1648786139999
1648786140000,66.98,68.72,66.98,68.32,4250.1,1648786199999
1648786200000,68.3,68.98,67.52,67.52,4242.1,1648786259999
1648786260000,67.57,67.95,67.1,67.13,1714.1,1648786319999
1648786320000,67.1,67.41,66.61,66.99,2546.5,1648786379999
1648786380000,67.01,67.5,66.96,67.11,1428.5,1648786439999
1648786440000,67.11,68.01,66.01,67.64,7275.4,1648786499999
1648786500000,67.65,68.41,67.27,67.51,2421.7,1648786559999
1648786560000,67.39,67.53,66.64,67.4,1779.7,1648786619999
1648786620000,67.35,67.41,67.0,67.36,938.2,1648786679999
1648786680000,67.36,67.4,66.78,66.94,1865.7,1648786739999
1648786740000,66.86,66.96,66.4,66.7,1605.8,1648786799999
1648786800000,66.61,67.41,66.59,67.08,1104.4,1648786859999
1648786860000,67.13,67.13,66.41,66.66,2089.0,1648786919999
1648786920000,66.72,68.06,66.66,67.86,1890.7,1648786979999
1648786980000,67.93,68.41,66.98,68.02,3997.7,1648787039999
1648787040000,68.07,68.09,67.6,67.92,1874.2,1648787099999
1648787100000,67.92,68.81,67.8,68.81,2067.0,1648787159999
1648787160000,68.81,68.99,68.48,68.8,2053.0,1648787219999
1648787220000,68.8,68.91,68.13,68.5,1884.6,1648787279999
1648787280000,68.37,68.42,67.6,67.74,3100.2,1648787339999
1648787340000,67.79,67.86,67.2,67.75,1486.0,1648787399999
1648787400000,67.75,68.84,67.72,67.76,2535.3,1648787459999
1648787460000,67.73,68.61,67.5,67.91,1597.6,1648787519999
1648787520000,67.88,68.46,67.6,67.95,1556.6,1648787579999
1648787580000,67.95,68.52,67.95,68.41,1085.4,1648787639999
1648787640000,68.33,68.73,68.31,68.42,1733.3,1648787699999
1648787700000,68.42,68.47,67.89,68.03,899.2,1648787759999
1648787760000,68.03,69.0,68.0,68.98,3708.5,1648787819999
1648787820000,68.98,69.14,68.49,69.14,3716.0,1648787879999
1648787880000,69.13,72.0,69.01,70.87,12214.9,1648787939999
1648787940000,70.81,72.28,70.77,72.0,8225.0,1648787999999
1648788000000,71.98,72.99,71.5,72.77,5829.0,1648788059999
1648788060000,72.73,73.1,70.98,71.0,8442.5,1648788119999
1648788120000,70.98,71.99,70.8,71.15,3152.1,1648788179999
1648788180000,71.12,71.2,69.89,70.0,7572.8,1648788239999
1648788240000,70.0,70.36,69.5,70.36,5800.3,1648788299999
1648788300000,70.35,71.43,69.9,70.92,4191.4,1648788359999
1648788360000,70.91,71.58,70.76,71.56,3139.5,1648788419999
1648788420000,71.57,71.8,70.73,71.14,3257.1,1648788479999
1648788480000,71.09,71.21,70.8,71.0,2119.0,1648788539999
1648788540000,71.02,71.26,70.98,71.07,1880.9,1648788599999
1648788600000,71.07,71.25,71.0,71.16,718.1,1648788659999
1648788660000,71.17,71.31,71.0,71.25,1770.8,1648788719999
1648788720000,71.25,71.31,69.41,69.6,6710.3,1648788779999
1648788780000,69.55,70.18,68.0,68.65,8498.5,1648788839999
1648788840000,68.65,69.8,67.28,69.32,12012.1,1648788899999
1648788900000,69.37,70.5,69.2,70.38,4156.0,1648788959999
1648788960000,70.21,70.79,69.1,70.6,4627.7,1648789019999
1648789020000,70.51,71.0,69.94,70.93,2811.8,1648789079999
1648789080000,70.99,71.31,70.58,70.84,2693.5,1648789139999
1648789140000,70.8,70.86,69.9,70.11,2310.2,1648789199999
1648789200000,70.12,70.21,69.88,70.04,1812.3,1648789259999
1648789260000,70.05,70.16,69.4,70.11,2239.5,1648789319999
1648789320000,70.11,70.21,69.93,70.21,1610.8,1648789379999
1648789380000,70.21,71.3,70.19,70.68,4251.2,1648789439999
1648789440000,70.72,70.97,70.3,70.42,1891.3,1648789499999
1648789500000,70.42,70.5,69.6,70.05,2531.0,1648789559999
1648789560000,70.05,70.53,69.66,69.7,1551.3,1648789619999
1648789620000,69.74,70.79,69.59,70.54,2742.0,1648789679999
1648789680000,70.47,71.35,70.47,71.19,2794.0,1648789739999
1648789740000,71.16,71.33,70.78,71.33,1948.1,1648789799999
1648789800000,71.3,71.65,71.1,71.29,3016.7,1648789859999
1648789860000,71.39,72.48,71.25,72.24,4975.3,1648789919999
1648789920000,72.18,72.49,71.37,71.72,3778.6,1648789979999
1648789980000,71.77,73.17,71.74,73.03,5984.1,1648790039999
1648790040000,73.19,73.39,72.1,72.61,7232.0,1648790099999
1648790100000,72.57,73.13,71.97,72.55,3429.9,1648790159999
1648790160000,72.6,72.6,71.26,72.08,7223.9,1648790219999
1648790220000,71.98,72.08,71.7,71.98,1220.3,1648790279999
1648790280000,71.98,72.63,71.82,72.19,2425.2,1648790339999
1648790340000,72.18,72.46,71.5,71.5,2757.9,1648790399999
1648790400000,71.5,71.84,70.52,71.24,5419.7,1648790459999
1648790460000,71.24,71.86,70.99,71.46,3763.5,1648790519999
1648790520000,71.46,71.74,70.81,70.81,2290.9,1648790579999
1648790580000,70.81,71.5,70.81,71.39,970.6,1648790639999
1648790640000,71.44,71.5,70.82,71.03,1077.1,1648790699999
1648790700000,71.11,71.17,70.5,70.85,2221.7,1648790759999
1648790760000,70.73,71.3,70.73,71.22,1861.1,1648790819999
1648790820000,71.2,71.82,70.76,71.22,3111.1,1648790879999
1648790880000,71.2,72.0,71.19,71.75,3856.3,1648790939999
1648790940000,71.84,72.14,71.4,71.8,2012.9,1648790999999
1648791000000,71.83,72.65,71.68,72.17,5234.8,1648791059999
1648791060000,72.17,72.6,71.59,72.09,2665.9,1648791119999
1648791120000,72.09,72.6,71.91,72.3,1584.5,1648791179999
1648791180000,72.4,72.64,71.49,72.0,4165.6,1648791239999
1648791240000,72.07,73.41,72.0,73.01,6390.9,1648791299999
1648791300000,72.96,73.98,72.74,73.83,6695.8,1648791359999
1648791360000,73.83,75.0,72.94,75.0,11701.3,1648791419999
1648791420000,75.0,75.9,74.42,75.56,12964.9,1648791479999
1648791480000,75.69,75.72,74.55,75.34,8937.7,1648791539999
1648791540000,75.34,75.56,74.69,75.19,4314.1,1648791599999
1648791600000,75.15,77.4,75.07,77.17,14994.4,1648791659999
1648791660000,77.17,80.82,76.6,80.06,22970.4,1648791719999
1648791720000,80.05,80.59,79.0,79.36,14804.9,1648791779999
1648791780000,79.36,79.72,78.22,79.68,9539.7,1648791839999
1648791840000,79.56,79.68,78.64,79.23,6436.6,1648791899999
1648791900000,79.23,79.35,78.42,78.91,6094.5,1648791959999
1648791960000,78.9,81.0,78.9,80.2,15386.3,1648792019999
1648792020000,80.31,80.9,80.01,80.42,9300.0,1648792079999
1648792080000,80.42,80.65,79.0,79.61,7988.1,1648792139999
1648792140000,79.45,79.8,78.25,78.41,8974.7,1648792199999
1648792200000,78.41,78.46,77.02,77.91,10635.0,1648792259999
1648792260000,77.98,78.05,77.2,77.33,5330.6,1648792319999
1648792320000,77.3,77.48,75.6,75.67,15062.0,1648792379999
1648792380000,75.67,76.28,75.01,75.79,12528.8,1648792439999
1648792440000,75.78,76.45,75.73,76.19,4536.8,1648792499999
1648792500000,76.29,77.78,76.15,77.32,6559.2,1648792559999
1648792560000,77.36,79.2,77.1,78.99,7336.0,1648792619999
1648792620000,78.98,79.2,77.32,78.51,11172.3,1648792679999
1648792680000,78.45,78.98,78.0,78.56,4821.0,1648792739999
1648792740000,78.56,79.77,78.5,79.39,7009.5,1648792799999
1648792800000,79.28,80.68,79.27,80.63,9570.8,1648792859999
1648792860000,80.59,81.7,80.35,80.51,9744.9,1648792919999
1648792920000,80.51,80.88,78.98,79.18,10671.0,1648792979999
1648792980000,79.2,79.2,76.36,77.25,13821.5,1648793039999
1648793040000,77.2,78.27,77.2,78.08,5183.3,1648793099999
1648793100000,78.01,79.18,78.0,78.97,5706.4,1648793159999
1648793160000,78.97,79.54,77.7,78.32,9471.4,1648793219999
1648793220000,78.32,78.44,77.1,77.38,6303.9,1648793279999
1648793280000,77.3,78.08,77.28,77.84,3789.5,1648793339999
1648793340000,77.85,78.77,77.2,78.64,4996.5,1648793399999
1648793400000,78.58,80.5,78.44,80.16,13413.3,1648793459999
1648793460000,80.13,81.15,79.21,81.0,10243.5,1648793519999
1648793520000,81.0,82.0,80.36,81.58,12303.1,1648793579999
1648793580000,81.58,81.69,80.2,81.17,10611.3,1648793639999
1648793640000,81.27,83.26,81.07,82.18,11572.2,1648793699999
1648793700000,82.09,84.38,81.97,84.25,14374.5,1648793759999
1648793760000,84.22,84.39,82.58,83.05,9403.5,1648793819999
1648793820000,83.04,83.05,81.01,81.41,9860.9,1648793879999
1648793880000,81.43,83.62,80.52,83.5,11596.7,1648793939999
1648793940000,83.51,83.64,82.15,82.94,7077.4,1648793999999
1648794000000,82.94,84.88,82.71,84.49,10308.3,1648794059999
1648794060000,84.54,85.0,83.33,83.88,10182.8,1648794119999
1648794120000,83.86,83.95,82.0,82.3,11494.7,1648794179999
1648794180000,82.25,82.88,82.15,82.53,4646.2,1648794239999
1648794240000,82.57,82.73,81.4,82.01,5405.1,1648794299999
1648794300000,82.01,82.1,81.1,81.72,5325.2,1648794359999
1648794360000,81.77,83.0,81.6,82.77,7570.6,1648794419999
1648794420000,82.77,83.73,82.64,83.42,5779.8,1648794479999
1648794480000,83.42,83.7,82.52,82.65,5922.9,1648794539999
1648794540000,82.68,83.34,82.29,82.79,4757.3,1648794599999
1648794600000,82.78,84.0,82.78,83.73,4829.9,1648794659999
1648794660000,83.73,84.53,82.79,83.29,5721.6,1648794719999
1648794720000,83.33,83.43,82.2,82.79,5723.2,1648794779999
1648794780000,82.8,82.99,82.1,82.26,3877.6,1648794839999
1648794840000,82.26,83.43,82.25,82.76,2574.1,1648794899999
1648794900000,82.81,83.2,82.32,82.84,2427.2,1648794959999
1648794960000,82.81,82.99,82.16,82.28,2156.7,1648795019999
1648795020000,82.21,82.42,81.1,81.71,8614.2,1648795079999
1648795080000,81.7,82.48,81.15,81.34,3942.0,1648795139999
1648795140000,81.34,82.19,81.0,81.65,5560.8,1648795199999
1648795200000,81.66,83.99,81.66,83.83,5639.1,1648795259999
1648795260000,83.81,84.16,82.57,83.5,8349.1,1648795319999
1648795320000,83.57,84.35,83.12,84.06,6807.3,1648795379999
1648795380000,84.06,85.0,83.8,84.44,9903.3,1648795439999
1648795440000,84.43,85.55,84.0,84.32,13447.9,1648795499999
1648795500000,84.26,84.31,83.09,83.63,6683.2,1648795559999
1648795560000,83.65,84.18,83.3,84.1,4179.7,1648795619999
1648795620000,84.1,84.52,83.02,83.46,5013.5,1648795679999
1648795680000,83.49,83.97,83.01,83.34,3445.2,1648795739999
1648795740000,83.34,83.47,82.4,82.76,5674.3,1648795799999
1648795800000,82.83,82.93,81.88,82.32,5430.8,1648795859999
1648795860000,82.39,83.63,82.28,83.32,3710.9,1648795919999
1648795920000,83.32,83.76,82.89,82.94,2651.6,1648795979999
1648795980000,82.94,83.78,82.47,83.47,3276.6,1648796039999
1648796040000,83.48,84.64,83.41,84.48,5613.2,1648796099999
1648796100000,84.4,84.49,84.0,84.05,3804.8,1648796159999
1648796160000,84.13,84.38,83.24,83.59,4732.6,1648796219999
1648796220000,83.64,84.4,83.56,84.23,3046.7,1648796279999
1648796280000,84.25,84.44,84.03,84.42,2506.9,1648796339999
1648796340000,84.42,85.5,84.33,84.52,6391.1,1648796399999
1648796400000,84.46,85.29,83.83,84.14,6606.4,1648796459999
1648796460000,84.12,84.47,83.1,83.83,7290.8,1648796519999
1648796520000,83.79,83.81,83.0,83.44,4367.4,1648796579999
1648796580000,83.44,83.87,83.0,83.24,2587.0,1648796639999
1648796640000,83.19,83.25,82.62,82.69,4348.2,1648796699999
1648796700000,82.69,83.3,82.6,83.11,3430.6,1648796759999
1648796760000,83.12,83.41,82.52,82.66,3437.6,1648796819999
1648796820000,82.76,83.19,82.2,82.38,4662.2,1648796879999
1648796880000,82.25,82.9,82.0,82.01,5750.2,1648796939999
1648796940000,82.01,82.49,81.9,82.21,5116.8,1648796999999
1648797000000,82.15,82.74,82.14,82.42,2191.8,1648797059999
1648797060000,82.44,82.73,81.22,81.3,5004.3,1648797119999
1648797120000,81.3,81.99,81.17,81.89,3929.7,1648797179999
1648797180000,81.89,81.9,81.62,81.7,1438.3,1648797239999
1648797240000,81.68,81.71,81.15,81.18,3349.9,1648797299999
1648797300000,81.18,81.18,79.13,79.84,17297.0,1648797359999
1648797360000,79.84,80.27,79.6,79.85,5348.3,1648797419999
1648797420000,79.85,80.63,79.85,80.09,3960.1,1648797479999
1648797480000,80.16,80.7,80.08,80.7,2594.4,1648797539999
1648797540000,80.68,80.7,79.86,79.86,4022.2,1648797599999
1648797600000,79.87,80.24,79.37,80.08,3472.9,1648797659999
1648797660000,80.0,80.72,79.97,80.63,2829.2,1648797719999
1648797720000,80.54,80.65,79.8,79.8,1915.3,1648797779999
1648797780000,79.84,79.89,79.19,79.19,5363.2,1648797839999
1648797840000,79.27,79.31,78.17,78.99,11363.2,1648797899999
1648797900000,78.94,79.07,78.52,79.07,4048.4,1648797959999
1648797960000,79.06,79.7,79.0,79.57,3532.9,1648798019999
1648798020000,79.57,80.0,78.66,78.71,3196.2,1648798079999
1648798080000,78.71,79.44,78.62,78.97,3105.7,1648798139999
1648798140000,78.96,79.45,78.62,78.78,3591.5,1648798199999
1648798200000,78.78,79.17,78.63,79.02,1659.0,1648798259999
1648798260000,79.03,79.09,78.4,78.96,3645.7,1648798319999
1648798320000,78.99,79.94,78.95,79.68,3757.9,1648798379999
1648798380000,79.68,80.06,79.11,80.06,3043.3,1648798439999
1648798440000,80.06,80.08,79.39,80.0,2931.7,1648798499999
1648798500000,80.0,80.68,80.0,80.55,3610.7,1648798559999
1648798560000,80.59,81.1,80.49,81.03,4501.3,1648798619999
1648798620000,81.04,81.34,80.91,81.01,3722.1,1648798679999
1648798680000,81.1,81.1,80.43,80.74,3288.8,1648798739999
1648798740000,80.74,81.32,80.69,81.13,2158.8,1648798799999
1648798800000,81.22,81.35,81.09,81.31,2119.0,1648798859999
1648798860000,81.31,81.58,80.62,80.88,3037.2,1648798919999
1648798920000,80.87,80.88,80.4,80.4,2603.5,1648798979999
1648798980000,80.41,81.43,80.2,81.15,3105.4,1648799039999
1648799040000,81.16,81.29,80.43,80.83,2014.5,1648799099999
1648799100000,80.79,81.4,80.73,81.04,2028.0,1648799159999
1648799160000,81.04,81.05,80.3,80.5,2432.7,1648799219999
1648799220000,80.5,81.24,80.43,81.0,1620.5,1648799279999
1648799280000,81.0,81.6,80.76,81.48,3357.0,1648799339999
1648799340000,81.56,83.0,81.44,82.47,7018.8,1648799399999
1648799400000,82.54,82.7,81.75,82.65,4685.5,1648799459999
1648799460000,82.65,82.83,82.12,82.63,3177.1,1648799519999
1648799520000,82.64,83.03,82.31,82.8,2749.5,1648799579999
1648799580000,82.78,83.2,82.37,83.14,5036.7,1648799639999
1648799640000,83.1,83.2,82.97,82.99,3851.9,1648799699999
1648799700000,82.98,83.16,82.0,82.12,3456.0,1648799759999
1648799760000,82.18,82.26,80.7,80.96,4856.5,1648799819999
1648799820000,81.04,81.57,80.95,81.01,3771.6,1648799879999
1648799880000,81.01,82.5,81.0,82.2,3202.1,1648799939999
1648799940000,82.19,82.6,81.87,82.59,1101.4,1648799999999
1648800000000,82.51,82.6,81.77,81.77,1925.2,1648800059999
1648800060000,81.8,82.0,81.73,81.95,1446.7,1648800119999
1648800120000,81.83,82.39,81.76,82.3,2011.3,1648800179999
1648800180000,82.35,82.59,81.5,81.61,3057.4,1648800239999
1648800240000,81.52,81.91,81.5,81.58,2854.6,1648800299999
1648800300000,81.58,82.6,81.55,82.4,2501.1,1648800359999
1648800360000,82.47,82.97,82.09,82.9,3106.4,1648800419999
1648800420000,82.91,82.96,82.14,82.51,2601.3,1648800479999
1648800480000,82.53,82.62,82.03,82.16,1844.7,1648800539999
1648800540000,82.15,83.0,82.0,82.98,3277.3,1648800599999
1648800600000,82.96,84.16,82.93,83.83,5117.1,1648800659999
1648800660000,83.9,85.25,83.55,85.25,11287.6,1648800719999
1648800720000,85.16,85.4,84.03,84.54,5391.6,1648800779999
1648800780000,84.58,84.89,83.71,83.72,3868.5,1648800839999
1648800840000,83.8,84.66,83.7,84.36,3485.2,1648800899999
1648800900000,84.44,84.61,83.7,84.09,4367.4,1648800959999
1648800960000,84.05,84.15,83.11,83.52,4477.1,1648801019999
1648801020000,83.54,84.13,83.4,83.95,2262.7,1648801079999
1648801080000,84.0,84.19,83.32,83.32,2239.7,1648801139999
1648801140000,83.33,83.95,83.11,83.73,2140.3,1648801199999
1648801200000,83.7,84.19,83.65,84.05,2366.3,1648801259999
1648801260000,84.06,84.19,83.32,83.79,2847.3,1648801319999
1648801320000,83.83,84.2,83.45,84.03,2490.1,1648801379999
1648801380000,84.09,85.0,84.01,84.67,4553.4,1648801439999
1648801440000,84.7,85.45,84.53,85.37,4012.0,1648801499999
1648801500000,85.38,88.45,85.28,88.23,18295.7,1648801559999
1648801560000,88.23,88.5,86.78,86.94,12480.9,1648801619999
1648801620000,86.99,88.88,86.86,88.88,8726.1,1648801679999
1648801680000,88.88,89.24,87.98,89.1,11054.1,1648801739999
1648801740000,89.2,89.47,88.54,89.22,8003.0,1648801799999
1648801800000,89.16,91.19,88.94,90.77,18157.2,1648801859999
1648801860000,90.82,92.45,90.77,92.01,20608.8,1648801919999
1648801920000,92.06,92.9,90.23,90.82,24891.3,1648801979999
1648801980000,90.84,91.21,89.88,90.73,18657.8,1648802039999
1648802040000,90.75,90.88,89.36,89.41,13725.3,1648802099999
1648802100000,89.41,89.9,88.71,88.8,13394.0,1648802159999
1648802160000,88.79,90.89,88.72,90.76,9488.9,1648802219999
1648802220000,90.76,92.5,90.74,91.97,16897.8,1648802279999
1648802280000,91.95,92.07,90.51,90.69,14922.8,1648802339999
1648802340000,90.67,91.71,89.42,89.75,11824.8,1648802399999
1648802400000,89.76,90.87,89.1,90.48,14795.7,1648802459999
1648802460000,90.39,91.88,90.35,91.5,9321.4,1648802519999
1648802520000,91.5,91.67,90.11,90.84,9844.6,1648802579999
1648802580000,90.84,92.56,90.13,92.06,18338.0,1648802639999
1648802640000,92.14,92.3,90.81,91.22,10389.9,1648802699999
1648802700000,91.2,91.41,90.51,90.77,8316.4,1648802759999
1648802760000,90.78,91.2,90.3,90.36,5824.0,1648802819999
1648802820000,90.38,90.62,89.8,89.88,8604.7,1648802879999
1648802880000,89.91,91.58,89.84,91.54,9182.2,1648802939999
1648802940000,91.41,93.0,91.15,91.72,27509.1,1648802999999
1648803000000,91.73,93.28,91.6,93.15,17814.5,1648803059999
1648803060000,93.22,93.25,91.25,91.8,17782.6,1648803119999
1648803120000,91.86,92.2,91.27,91.69,8998.4,1648803179999
1648803180000,91.69,91.69,90.63,91.41,11899.4,1648803239999
1648803240000,91.35,91.57,90.81,91.32,6476.4,1648803299999
1648803300000,91.37,91.46,90.03,90.18,11211.4,1648803359999
1648803360000,90.24,90.34,89.0,89.03,14870.8,1648803419999
1648803420000,89.03,89.75,89.0,89.54,12196.2,1648803479999
1648803480000,89.57,89.98,89.24,89.62,6002.9,1648803539999
1648803540000,89.59,89.59,89.0,89.0,5474.4,1648803599999
1648803600000,89.0,89.02,87.5,88.4,16256.6,1648803659999
1648803660000,88.4,89.0,88.07,89.0,7487.2,1648803719999
1648803720000,89.0,90.08,88.9,89.7,9270.5,1648803779999
1648803780000,89.8,90.49,89.7,90.24,8129.8,1648803839999
1648803840000,90.24,90.29,89.14,89.45,7098.6,1648803899999
1648803900000,89.46,90.36,89.41,89.5,5888.7,1648803959999
1648803960000,89.46,89.66,88.8,89.5,5762.6,1648804019999
1648804020000,89.49,90.5,89.41,90.26,6184.8,1648804079999
1648804080000,90.26,91.2,90.17,91.2,12221.9,1648804139999
1648804140000,91.19,91.8,90.7,91.72,7105.7,1648804199999
1648804200000,91.72,91.85,91.2,91.82,7693.0,1648804259999
1648804260000,91.8,91.83,90.6,90.61,8479.1,1648804319999
1648804320000,90.61,91.25,90.21,91.09,5609.5,1648804379999
1648804380000,91.04,91.76,91.04,91.46,4121.5,1648804439999
1648804440000,91.44,91.55,90.5,90.73,10950.2,1648804499999
1648804500000,90.81,91.66,90.71,90.93,4390.1,1648804559999
1648804560000,90.93,91.03,90.2,90.3,4851.3,1648804619999
1648804620000,90.38,90.46,89.5,89.64,8495.5,1648804679999
1648804680000,89.69,90.33,89.58,90.04,4026.8,1648804739999
1648804740000,90.05,90.81,90.04,90.13,3833.3,1648804799999
1648804800000,90.19,90.21,89.5,89.5,4838.4,1648804859999
1648804860000,89.5,89.58,89.18,89.33,5151.4,1648804919999
1648804920000,89.33,89.92,89.31,89.61,4292.1,1648804979999
1648804980000,89.61,89.7,89.0,89.59,4393.8,1648805039999
1648805040000,89.58,89.72,89.17,89.67,2629.9,1648805099999
1648805100000,89.68,89.77,89.44,89.56,1545.6,1648805159999
1648805160000,89.54,89.71,89.41,89.7,2058.1,1648805219999
1648805220000,89.7,89.8,89.57,89.65,2326.0,1648805279999
1648805280000,89.6,89.76,88.86,89.01,5028.7,1648805339999
1648805340000,89.01,89.1,88.5,88.7,6530.0,1648805399999
1648805400000,88.7,89.73,88.62,89.35,4685.5,1648805459999
1648805460000,89.33,89.7,89.17,89.32,4166.6,1648805519999
1648805520000,89.32,89.71,89.3,89.56,2767.9,1648805579999
1648805580000,89.59,89.63,89.17,89.39,3129.2,1648805639999
1648805640000,89.39,90.0,89.39,89.94,3551.3,1648805699999
1648805700000,89.99,90.98,89.9,90.56,7721.7,1648805759999
1648805760000,90.56,90.6,89.54,89.68,4514.7,1648805819999
1648805820000,89.73,90.33,89.67,89.86,2878.5,1648805879999
1648805880000,89.84,89.86,89.33,89.53,3077.0,1648805939999
1648805940000,89.51,89.57,89.0,89.09,4600.7,1648805999999
1648806000000,89.07,89.16,88.0,88.13,8995.3,1648806059999
1648806060000,88.13,88.42,79.0,82.65,70469.6,1648806119999
1648806120000,82.56,83.99,75.5,77.53,63072.5,1648806179999
1648806180000,77.53,79.5,76.6,79.43,33267.2,1648806239999
1648806240000,79.43,80.5,78.6,79.72,25715.2,1648806299999
1648806300000,79.8,80.66,79.0,80.01,16374.4,1648806359999
1648806360000,80.08,80.17,78.35,78.86,16417.3,1648806419999
1648806420000,78.86,78.9,78.0,78.25,17547.4,1648806479999
1648806480000,78.31,79.81,78.19,79.65,13434.5,1648806539999
1648806540000,79.63,81.08,79.16,81.06,12339.8,1648806599999
1648806600000,81.08,81.9,80.79,81.38,17747.2,1648806659999
1648806660000,81.38,81.41,79.36,79.61,13832.0,1648806719999
1648806720000,79.66,80.56,79.35,79.8,9892.5,1648806779999
1648806780000,79.8,80.33,79.2,79.42,8924.7,1648806839999
1648806840000,79.42,79.79,76.98,77.8,18750.3,1648806899999
1648806900000,77.87,78.25,76.0,76.73,24576.1,1648806959999
1648806960000,76.68,77.9,76.58,77.46,15754.2,1648807019999
1648807020000,77.46,77.84,77.0,77.07,9492.1,1648807079999
1648807080000,77.12,78.0,76.6,77.04,12161.4,1648807139999
1648807140000,77.06,77.71,77.04,77.38,6000.6,1648807199999
1648807200000,77.34,77.38,76.2,76.7,13175.4,1648807259999
1648807260000,76.69,79.4,76.61,78.0,16640.1,1648807319999
1648807320000,78.03,78.32,77.6,77.83,6580.8,1648807379999
1648807380000,77.81,78.67,77.6,78.01,8168.1,1648807439999
1648807440000,77.96,78.76,77.56,78.49,8919.8,1648807499999
1648807500000,78.46,78.65,78.08,78.24,5452.2,1648807559999
1648807560000,78.24,79.2,78.2,78.72,6720.8,1648807619999
1648807620000,78.72,79.22,78.5,78.87,7215.1,1648807679999
1648807680000,78.87,79.14,78.58,78.92,3687.4,1648807739999
1648807740000,78.92,79.6,78.88,78.96,6901.5,1648807799999
1648807800000,78.94,80.27,78.88,79.89,8393.8,1648807859999
1648807860000,79.9,80.43,79.61,79.74,6322.8,1648807919999
1648807920000,79.75,80.37,79.62,79.93,3853.9,1648807979999
1648807980000,79.85,80.28,79.83,80.27,2649.0,1648808039999
1648808040000,80.27,80.44,80.13,80.13,4667.9,1648808099999
1648808100000,80.13,80.13,78.8,79.58,11379.1,1648808159999
1648808160000,79.64,79.76,78.5,78.8,6543.7,1648808219999
1648808220000,78.86,79.44,78.37,78.58,5487.8,1648808279999
1648808280000,78.5,78.66,78.0,78.31,7172.7,1648808339999
1648808340000,78.3,78.82,77.95,78.32,4287.3,1648808399999
1648808400000,78.24,79.22,78.2,78.91,3980.7,1648808459999
1648808460000,78.97,79.6,78.9,79.14,2800.5,1648808519999
1648808520000,79.1,79.4,78.25,78.73,3678.8,1648808579999
1648808580000,78.72,79.01,77.52,77.62,6999.5,1648808639999
1648808640000,77.6,78.37,77.54,77.74,3330.2,1648808699999
1648808700000,77.74,78.33,76.58,77.19,10001.7,1648808759999
1648808760000,77.19,77.76,76.75,77.75,4427.0,1648808819999
1648808820000,77.67,78.64,77.31,77.39,4678.6,1648808879999
1648808880000,77.4,77.81,77.11,77.77,4023.6,1648808939999
1648808940000,77.72,78.2,77.38,77.85,2683.6,1648808999999
1648809000000,77.77,78.32,77.68,78.1,2573.6,1648809059999
1648809060000,78.1,78.18,77.56,77.83,1973.8,1648809119999
1648809120000,77.83,78.16,77.6,77.81,1632.1,1648809179999
1648809180000,77.78,77.78,76.9,76.97,4473.6,1648809239999
1648809240000,76.92,77.29,76.9,77.11,2618.0,1648809299999
1648809300000,77.11,77.64,76.5,76.51,5569.3,1648809359999
1648809360000,76.62,77.64,76.6,77.53,4022.7,1648809419999
1648809420000,77.54,77.87,77.14,77.27,2567.2,1648809479999
1648809480000,77.31,77.31,76.91,77.02,2506.3,1648809539999
1648809540000,76.98,77.26,76.94,77.11,1358.6,1648809599999
1648809600000,77.08,77.57,77.02,77.25,1898.8,1648809659999
1648809660000,77.2,77.42,69.12,71.9,65790.1,1648809719999
1648809720000,71.97,73.17,71.53,72.52,18643.8,1648809779999
1648809780000,72.58,73.2,72.08,72.69,11234.6,1648809839999
1648809840000,72.75,73.07,72.4,72.85,6291.5,1648809899999
1648809900000,72.85,73.04,71.35,71.96,13715.9,1648809959999
1648809960000,71.96,72.55,71.32,71.6,9971.2,1648810019999
1648810020000,71.55,72.0,70.62,71.84,14898.9,1648810079999
1648810080000,71.84,73.13,71.84,72.8,10971.1,1648810139999
1648810140000,72.79,73.97,72.67,73.9,12029.9,1648810199999
1648810200000,73.89,74.04,73.54,73.66,7631.4,1648810259999
1648810260000,73.66,74.39,73.56,74.23,6130.8,1648810319999
1648810320000,74.26,74.46,73.07,73.65,8407.2,1648810379999
1648810380000,73.64,73.97,73.21,73.43,3783.8,1648810439999
1648810440000,73.44,73.7,73.42,73.52,1948.7,1648810499999
1648810500000,73.52,73.55,72.35,72.87,4860.1,1648810559999
1648810560000,72.89,73.19,72.63,72.89,3083.5,1648810619999
1648810620000,72.91,73.01,72.34,72.92,3941.8,1648810679999
1648810680000,72.96,72.96,71.96,72.75,8434.1,1648810739999
1648810740000,72.75,72.85,72.12,72.26,4195.7,1648810799999
1648810800000,72.29,72.45,71.0,71.9,13461.4,1648810859999
1648810860000,71.9,72.6,71.33,71.45,6238.4,1648810919999
1648810920000,71.51,72.0,71.51,71.97,2744.8,1648810979999
1648810980000,72.0,72.18,71.64,71.84,3625.0,1648811039999
1648811040000,71.86,71.97,71.59,71.83,2675.3,1648811099999
1648811100000,71.79,71.82,70.91,71.63,4892.1,1648811159999
1648811160000,71.56,72.47,71.18,72.41,5879.0,1648811219999
1648811220000,72.47,73.52,72.27,73.14,6137.6,1648811279999
1648811280000,73.11,74.0,72.65,73.8,8571.7,1648811339999
1648811340000,73.79,73.83,73.12,73.24,3732.7,1648811399999
1648811400000,73.25,73.28,72.02,72.85,6464.5,1648811459999
1648811460000,72.87,72.93,72.13,72.36,3452.4,1648811519999
1648811520000,72.36,72.41,72.0,72.32,3406.9,1648811579999
1648811580000,72.3,73.13,72.26,72.62,3415.7,1648811639999
1648811640000,72.68,73.08,72.48,72.69,2815.8,1648811699999
1648811700000,72.7,73.82,72.45,72.96,5964.3,1648811759999
1648811760000,73.01,73.82,73.01,73.74,3719.1,1648811819999
1648811820000,73.78,73.82,73.2,73.4,2091.1,1648811879999
1648811880000,73.39,74.14,73.37,73.62,5949.1,1648811939999
1648811940000,73.68,74.39,73.68,74.2,5962.8,1648811999999
1648812000000,74.27,75.0,74.13,74.95,7708.3,1648812059999
1648812060000,75.0,75.45,74.43,74.58,6373.2,1648812119999
1648812120000,74.65,74.67,74.16,74.19,2760.3,1648812179999
1648812180000,74.16,75.32,74.0,74.83,6057.4,1648812239999
1648812240000,74.78,75.2,74.67,75.1,3663.7,1648812299999
1648812300000,75.03,75.19,74.84,75.0,3734.7,1648812359999
1648812360000,74.99,75.75,74.97,75.5,5347.7,1648812419999
1648812420000,75.5,75.65,74.52,74.95,5548.9,1648812479999
1648812480000,74.95,75.05,74.21,74.46,3172.9,1648812539999
1648812540000,74.4,74.4,72.82,73.51,7631.6,1648812599999
1648812600000,73.51,74.45,73.41,74.26,3634.9,1648812659999
1648812660000,74.3,74.39,73.48,73.77,4215.3,1648812719999
1648812720000,73.78,74.11,73.29,73.74,3648.4,1648812779999
1648812780000,73.74,74.5,73.69,73.9,2638.8,1648812839999
1648812840000,73.9,74.05,73.6,73.61,1796.7,1648812899999
1648812900000,73.61,74.24,73.47,73.9,2996.7,1648812959999
1648812960000,73.93,74.11,72.95,73.46,4099.6,1648813019999
1648813020000,73.4,73.88,72.91,73.26,4242.7,1648813079999
1648813080000,73.2,73.31,72.07,72.64,6071.0,1648813139999
1648813140000,72.64,73.49,72.59,73.45,2938.8,1648813199999
1648813200000,73.45,73.52,72.97,73.24,1691.3,1648813259999
1648813260000,73.18,73.46,73.1,73.32,1329.9,1648813319999
1648813320000,73.32,73.59,73.23,73.54,1860.4,1648813379999
1648813380000,73.58,74.25,73.48,73.7,2622.9,1648813439999
1648813440000,73.69,74.07,73.56,73.91,1427.0,1648813499999
1648813500000,73.86,74.86,73.76,74.81,4795.0,1648813559999
1648813560000,74.81,74.93,74.17,74.62,3814.1,1648813619999
1648813620000,74.61,74.69,74.39,74.4,1492.6,1648813679999
1648813680000,74.43,74.59,74.4,74.55,1015.1,1648813739999
1648813740000,74.55,74.8,73.85,74.68,3859.4,1648813799999
1648813800000,74.68,74.8,74.5,74.62,1252.9,1648813859999
1648813860000,74.63,74.72,74.5,74.63,1395.8,1648813919999
1648813920000,74.66,74.8,74.48,74.8,2263.9,1648813979999
1648813980000,74.75,74.99,74.74,74.87,2090.8,1648814039999
1648814040000,74.87,75.19,74.79,75.03,3982.3,1648814099999
1648814100000,75.06,75.35,75.03,75.23,2805.5,1648814159999
1648814160000,75.27,75.4,75.04,75.24,2724.1,1648814219999
1648814220000,75.23,75.25,74.36,74.39,3344.3,1648814279999
1648814280000,74.4,74.69,73.64,73.81,4904.1,1648814339999
1648814340000,73.8,74.1,73.67,73.88,2170.7,1648814399999
1648814400000,73.84,74.87,73.83,74.0,3574.5,1648814459999
1648814460000,74.0,74.52,73.86,74.34,3316.5,1648814519999
1648814520000,74.27,74.9,74.27,74.65,3724.1,1648814579999
1648814580000,74.64,76.7,74.5,76.52,8028.2,1648814639999
1648814640000,76.52,77.47,75.7,76.83,17668.1,1648814699999
1648814700000,76.89,77.45,76.16,77.06,8718.2,1648814759999
1648814760000,77.06,77.77,76.93,77.51,8290.5,1648814819999
1648814820000,77.51,77.66,76.5,77.22,9218.9,1648814879999
1648814880000,77.26,78.75,77.22,78.36,11012.7,1648814939999
1648814940000,78.42,78.42,77.71,77.95,6524.6,1648814999999
1648815000000,77.94,78.22,77.03,78.03,8593.3,1648815059999
1648815060000,78.04,79.12,78.0,78.97,9773.5,1648815119999
1648815120000,79.0,79.21,78.01,79.0,11106.1,1648815179999
1648815180000,79.0,79.09,77.82,77.82,10300.7,1648815239999
1648815240000,77.82,78.91,77.3,78.2,11012.3,1648815299999
1648815300000,78.16,78.47,77.51,77.67,6844.6,1648815359999
1648815360000,77.66,77.7,76.42,77.22,11199.0,1648815419999
1648815420000,77.22,77.99,77.21,77.93,4264.9,1648815479999
1648815480000,77.91,77.95,77.0,77.49,5254.2,1648815539999
1648815540000,77.41,77.48,76.5,76.57,5391.8,1648815599999
1648815600000,76.65,77.65,76.56,77.03,4344.2,1648815659999
1648815660000,77.03,77.16,76.0,76.12,7003.4,1648815719999
1648815720000,76.13,77.07,76.11,76.98,4339.2,1648815779999
1648815780000,76.97,78.4,76.95,77.42,8202.1,1648815839999
1648815840000,77.42,78.17,77.07,77.51,4198.6,1648815899999
1648815900000,77.51,77.51,76.56,76.69,4231.6,1648815959999
1648815960000,76.62,77.64,76.51,77.42,2943.5,1648816019999
1648816020000,77.43,77.56,77.0,77.55,1847.4,1648816079999
1648816080000,77.53,78.0,77.42,77.69,3752.0,1648816139999
1648816140000,77.69,78.18,77.63,78.09,3035.8,1648816199999
1648816200000,78.09,78.12,77.0,77.64,3459.1,1648816259999
1648816260000,77.6,78.07,77.0,77.33,4214.5,1648816319999
1648816320000,77.34,77.43,76.58,77.21,3775.0,1648816379999
1648816380000,77.22,77.22,76.01,76.54,4289.4,1648816439999
1648816440000,76.6,77.06,76.21,76.36,2853.2,1648816499999
1648816500000,76.36,76.99,76.1,76.8,2620.2,1648816559999
1648816560000,76.8,77.5,76.8,77.35,3442.3,1648816619999
1648816620000,77.35,77.36,76.53,76.62,1545.0,1648816679999
1648816680000,76.55,76.99,76.31,76.88,1961.2,1648816739999
1648816740000,76.91,77.32,76.75,76.86,2074.4,1648816799999
1648816800000,76.86,77.37,76.86,77.26,1357.4,1648816859999
1648816860000,77.26,77.31,76.84,76.91,1547.8,1648816919999
1648816920000,76.86,76.92,76.4,76.58,2259.0,1648816979999
1648816980000,76.58,76.96,76.5,76.9,1793.5,1648817039999
1648817040000,76.9,77.41,76.7,77.32,2453.9,1648817099999
1648817100000,77.32,77.89,76.87,77.47,5043.2,1648817159999
1648817160000,77.47,77.79,77.01,77.01,3111.7,1648817219999
1648817220000,77.11,77.5,77.0,77.02,2142.0,1648817279999
1648817280000,77.02,77.02,76.54,76.91,2098.0,1648817339999
1648817340000,76.96,77.57,76.96,77.17,1846.2,1648817399999
1648817400000,77.18,77.59,77.01,77.36,1805.1,1648817459999
1648817460000,77.36,77.68,77.1,77.31,1698.5,1648817519999
1648817520000,77.31,77.34,76.55,76.8,2212.6,1648817579999
1648817580000,76.8,77.0,76.69,76.87,1013.2,1648817639999
1648817640000,76.82,77.5,76.78,77.35,1387.6,1648817699999
1648817700000,77.29,78.08,77.29,77.84,4673.7,1648817759999
1648817760000,77.85,78.61,77.82,78.33,5009.4,1648817819999
1648817820000,78.25,78.38,77.8,78.13,3349.6,1648817879999
1648817880000,78.17,78.28,77.38,77.95,3359.6,1648817939999
1648817940000,78.03,78.29,77.42,78.29,2848.5,1648817999999
1648818000000,78.2,78.78,77.95,78.52,4789.5,1648818059999
1648818060000,78.54,78.64,77.93,78.27,3400.5,1648818119999
1648818120000,78.34,78.5,77.55,77.79,3015.0,1648818179999
1648818180000,77.79,78.0,77.22,77.93,3498.4,1648818239999
1648818240000,77.93,77.93,77.51,77.6,1535.2,1648818299999
1648818300000,77.6,77.83,77.32,77.51,1746.8,1648818359999
1648818360000,77.57,77.72,77.35,77.52,805.2,1648818419999
1648818420000,77.48,77.64,77.22,77.42,2026.5,1648818479999
1648818480000,77.38,77.49,77.0,77.05,3964.6,1648818539999
1648818540000,77.04,77.04,74.16,75.28,22027.8,1648818599999
1648818600000,75.31,75.47,74.81,75.36,7824.0,1648818659999
1648818660000,75.36,75.77,75.08,75.18,3837.2,1648818719999
1648818720000,75.21,75.5,72.61,73.84,20208.7,1648818779999
1648818780000,73.9,74.4,73.51,74.08,7675.4,1648818839999
1648818840000,74.02,74.58,73.81,74.28,4013.2,1648818899999
1648818900000,74.28,74.66,73.74,74.6,3516.7,1648818959999
1648818960000,74.56,74.69,74.01,74.57,2531.8,1648819019999
1648819020000,74.57,74.87,74.51,74.66,2872.4,1648819079999
1648819080000,74.73,75.08,74.73,75.05,3044.1,1648819139999
1648819140000,75.05,75.36,74.62,74.74,2828.0,1648819199999
1648819200000,74.76,75.1,74.14,74.19,2921.5,1648819259999
1648819260000,74.16,74.93,74.05,74.51,2136.2,1648819319999
1648819320000,74.51,75.0,74.5,74.96,1286.0,1648819379999
1648819380000,74.96,75.08,74.63,74.71,990.5,1648819439999
1648819440000,74.71,75.13,74.68,74.95,1116.9,1648819499999
1648819500000,75.05,75.11,74.9,75.0,1261.3,1648819559999
1648819560000,75.0,75.0,74.51,74.55,1582.7,1648819619999
1648819620000,74.55,75.0,74.49,74.89,1689.7,1648819679999
1648819680000,74.9,75.0,74.78,74.81,739.1,1648819739999
1648819740000,74.78,75.0,74.75,74.9,877.2,1648819799999
1648819800000,74.89,75.49,74.78,75.27,2468.7,1648819859999
1648819860000,75.27,75.36,75.08,75.27,1121.7,1648819919999
1648819920000,75.26,75.65,75.2,75.28,2549.1,1648819979999
1648819980000,75.28,75.44,75.05,75.3,1478.7,1648820039999
1648820040000,75.29,75.36,75.0,75.19,1775.5,1648820099999
1648820100000,75.17,75.2,74.5,74.74,2208.8,1648820159999
1648820160000,74.74,74.99,74.65,74.86,710.8,1648820219999
1648820220000,74.86,75.0,71.0,72.67,20651.6,1648820279999
1648820280000,72.64,72.75,70.97,72.1,17471.8,1648820339999
1648820340000,72.1,72.83,71.95,72.01,6967.3,1648820399999
1648820400000,71.95,72.67,71.8,72.18,4116.6,1648820459999
1648820460000,72.18,72.59,71.73,72.4,4693.2,1648820519999
1648820520000,72.37,73.0,72.26,72.64,3483.1,1648820579999
1648820580000,72.68,72.99,72.31,72.99,2281.0,1648820639999
1648820640000,72.99,73.04,72.82,72.9,1637.2,1648820699999
1648820700000,72.9,72.95,72.22,72.33,2579.2,1648820759999
1648820760000,72.3,72.46,72.0,72.31,3322.5,1648820819999
1648820820000,72.27,72.45,71.81,72.14,2689.6,1648820879999
1648820880000,72.12,72.27,71.85,72.2,2420.7,1648820939999
1648820940000,72.21,72.56,72.2,72.46,2410.4,1648820999999
1648821000000,72.42,72.56,72.18,72.5,2132.7,1648821059999
1648821060000,72.5,72.99,72.47,72.66,1972.0,1648821119999
1648821120000,72.67,72.7,72.02,72.56,2135.7,1648821179999
1648821180000,72.56,73.0,72.38,72.99,2108.8,1648821239999
1648821240000,72.93,73.07,72.6,72.88,1818.8,1648821299999
1648821300000,72.87,73.23,72.72,73.1,1877.2,1648821359999
1648821360000,73.09,73.31,72.95,73.29,1800.9,1648821419999
1648821420000,73.28,73.39,73.05,73.12,2052.2,1648821479999
1648821480000,73.13,73.27,72.93,73.27,1363.4,1648821539999
1648821540000,73.28,73.67,73.27,73.58,2188.7,1648821599999
1648821600000,73.52,73.64,73.0,73.01,4364.5,1648821659999
1648821660000,73.09,73.31,72.96,73.12,4301.1,1648821719999
1648821720000,73.12,73.29,73.0,73.25,886.3,1648821779999
1648821780000,73.24,73.3,73.13,73.17,581.8,1648821839999
1648821840000,73.15,73.25,72.91,72.96,1192.3,1648821899999
1648821900000,72.97,73.26,72.91,73.19,635.6,1648821959999
1648821960000,73.17,73.49,73.01,73.44,588.0,1648822019999
1648822020000,73.49,73.57,73.14,73.19,628.5,1648822079999
1648822080000,73.19,73.32,73.12,73.25,437.2,1648822139999
1648822140000,73.26,73.32,73.13,73.15,550.3,1648822199999
1648822200000,73.15,73.19,72.26,72.27,2506.0,1648822259999
1648822260000,72.32,72.51,72.01,72.06,3380.1,1648822319999
1648822320000,72.1,72.28,72.0,72.14,3064.2,1648822379999
1648822380000,72.14,72.63,72.0,72.05,2363.6,1648822439999
1648822440000,72.11,72.42,72.0,72.07,1833.2,1648822499999
1648822500000,72.06,72.45,71.46,72.25,4334.0,1648822559999
1648822560000,72.26,72.35,72.12,72.31,735.4,1648822619999
1648822620000,72.33,72.71,72.32,72.7,2366.3,1648822679999
1648822680000,72.71,73.1,72.59,72.67,2209.8,1648822739999
1648822740000,72.73,72.96,72.62,72.72,1264.7,1648822799999
1648822800000,72.76,72.9,72.62,72.77,931.7,1648822859999
1648822860000,72.78,72.91,72.69,72.91,444.4,1648822919999
1648822920000,72.86,72.93,72.71,72.79,948.5,1648822979999
1648822980000,72.82,73.1,72.78,73.1,965.0,1648823039999
1648823040000,73.1,73.43,73.08,73.43,1108.1,1648823099999
1648823100000,73.37,73.39,72.8,73.26,1283.4,1648823159999
1648823160000,73.33,73.69,73.16,73.65,1329.7,1648823219999
1648823220000,73.61,73.65,73.36,73.36,760.4,1648823279999
1648823280000,73.37,73.54,73.37,73.49,347.8,1648823339999
1648823340000,73.49,73.49,72.8,72.88,1460.8,1648823399999
1648823400000,72.91,73.05,72.68,72.96,1622.0,1648823459999
1648823460000,72.91,73.74,72.91,73.6,1529.3,1648823519999
1648823520000,73.59,73.89,73.56,73.89,1770.6,1648823579999
1648823580000,73.89,74.43,73.82,74.35,3238.0,1648823639999
1648823640000,74.4,74.56,74.22,74.22,3610.0,1648823699999
1648823700000,74.22,74.4,73.78,73.81,2018.0,1648823759999
1648823760000,73.78,74.39,73.7,74.3,1592.2,1648823819999
1648823820000,74.33,75.1,74.25,74.91,4405.9,1648823879999
1648823880000,74.89,75.47,74.62,75.22,3456.4,1648823939999
1648823940000,75.21,75.49,74.24,74.82,4112.4,1648823999999
1648824000000,74.75,74.8,74.37,74.62,2216.3,1648824059999
1648824060000,74.67,75.2,74.47,75.08,975.7,1648824119999
1648824120000,75.07,75.42,75.01,75.11,2173.6,1648824179999
1648824180000,75.11,75.11,74.31,74.69,2413.0,1648824239999
1648824240000,74.61,74.84,74.3,74.32,1532.2,1648824299999
1648824300000,74.31,75.9,74.2,75.77,4106.6,1648824359999
1648824360000,75.71,78.0,75.41,77.51,13665.7,1648824419999
1648824420000,77.52,77.63,77.01,77.18,6607.0,1648824479999
1648824480000,77.2,77.5,77.12,77.27,3048.0,1648824539999
1648824540000,77.26,78.5,77.22,78.32,8559.9,1648824599999
1648824600000,78.4,79.79,78.3,79.59,15617.4,1648824659999
1648824660000,79.52,79.84,78.91,79.41,7446.9,1648824719999
1648824720000,79.41,79.57,78.18,78.98,9713.4,1648824779999
1648824780000,78.97,79.4,78.72,79.23,5783.8,1648824839999
1648824840000,79.29,80.0,79.17,79.64,7875.2,1648824899999
1648824900000,79.64,79.97,79.12,79.52,6469.3,1648824959999
1648824960000,79.55,80.4,78.95,80.36,14053.9,1648825019999
1648825020000,80.39,81.58,80.15,80.83,16009.1,1648825079999
1648825080000,80.89,82.73,80.57,82.17,14990.8,1648825139999
1648825140000,82.27,82.53,81.05,81.59,13635.3,1648825199999
1648825200000,81.59,81.7,80.41,80.99,12587.2,1648825259999
1648825260000,80.99,81.07,80.25,80.37,6373.5,1648825319999
1648825320000,80.35,80.52,80.0,80.32,5416.4,1648825379999
1648825380000,80.32,80.85,80.29,80.69,3424.3,1648825439999
1648825440000,80.66,80.76,79.55,79.75,6741.3,1648825499999
1648825500000,79.75,80.65,79.71,80.4,3987.0,1648825559999
1648825560000,80.43,80.53,79.65,80.4,3854.4,1648825619999
1648825620000,80.46,80.51,80.1,80.16,1332.4,1648825679999
1648825680000,80.11,80.4,80.1,80.34,1863.0,1648825739999
1648825740000,80.34,81.59,80.3,81.52,3966.4,1648825799999
1648825800000,81.59,82.0,80.76,81.6,6544.2,1648825859999
1648825860000,81.6,81.76,80.54,81.07,5062.4,1648825919999
1648825920000,81.07,81.58,80.61,80.81,3051.4,1648825979999
1648825980000,80.81,81.6,80.6,81.0,4196.2,1648826039999
1648826040000,81.0,81.5,80.9,81.24,2629.2,1648826099999
1648826100000,81.22,82.0,80.91,81.94,5329.9,1648826159999
1648826160000,81.92,83.54,81.92,83.02,14848.2,1648826219999
1648826220000,83.02,83.73,82.69,83.09,10461.1,1648826279999
1648826280000,83.1,83.6,82.77,83.35,9941.1,1648826339999
1648826340000,83.3,83.38,82.49,82.55,5659.2,1648826399999
1648826400000,82.51,83.44,82.35,82.92,5900.2,1648826459999
1648826460000,82.99,83.4,82.59,83.34,4626.5,1648826519999
1648826520000,83.35,83.5,82.7,82.71,3998.8,1648826579999
1648826580000,82.7,83.29,82.31,82.61,4899.5,1648826639999
1648826640000,82.68,83.11,82.53,82.89,2566.5,1648826699999
1648826700000,82.92,83.29,82.71,83.15,2748.9,1648826759999
1648826760000,83.18,83.43,82.5,82.88,3731.1,1648826819999
1648826820000,82.84,82.93,82.1,82.55,4785.8,1648826879999
1648826880000,82.47,82.53,81.5,81.54,6682.1,1648826939999
1648826940000,81.55,81.6,80.12,80.62,11848.7,1648826999999
1648827000000,80.62,80.81,79.8,80.33,9026.2,1648827059999
1648827060000,80.33,80.33,79.43,79.81,7783.6,1648827119999
1648827120000,79.81,80.34,79.73,80.3,7051.5,1648827179999
1648827180000,80.3,80.3,79.61,80.25,4908.8,1648827239999
1648827240000,80.18,80.47,79.7,79.8,4008.4,1648827299999
1648827300000,79.8,79.92,79.6,79.61,4654.6,1648827359999
1648827360000,79.61,80.0,79.51,79.97,2767.5,1648827419999
1648827420000,79.96,81.08,79.96,81.07,5290.5,1648827479999
1648827480000,81.01,81.43,80.59,81.22,4725.9,1648827539999
1648827540000,81.15,81.43,80.59,81.32,3290.0,1648827599999
1648827600000,81.37,81.5,80.42,81.24,3711.2,1648827659999
1648827660000,81.18,81.24,80.59,80.6,2728.5,1648827719999
1648827720000,80.6,81.11,80.0,80.0,4427.3,1648827779999
1648827780000,80.07,80.56,80.0,80.49,2526.5,1648827839999
1648827840000,80.54,80.94,80.1,80.12,1939.4,1648827899999
1648827900000,80.19,80.75,80.11,80.51,1425.5,1648827959999
1648827960000,80.51,81.13,80.44,81.04,1747.8,1648828019999
1648828020000,81.04,81.23,80.26,80.61,3199.4,1648828079999
1648828080000,80.61,80.94,80.56,80.83,1187.1,1648828139999
1648828140000,80.83,81.3,80.77,81.09,1869.0,1648828199999
1648828200000,81.09,81.95,81.09,81.38,5252.4,1648828259999
1648828260000,81.37,81.8,80.85,81.47,3956.0,1648828319999
1648828320000,81.49,81.56,80.67,80.93,2753.0,1648828379999
1648828380000,80.94,81.5,80.81,81.45,2034.1,1648828439999
1648828440000,81.45,81.61,81.0,81.37,2332.2,1648828499999
1648828500000,81.35,81.83,81.21,81.64,3207.2,1648828559999
1648828560000,81.64,81.66,81.0,81.11,2221.9,1648828619999
1648828620000,81.16,81.19,80.61,80.71,2558.4,1648828679999
1648828680000,80.77,80.79,80.0,80.13,4836.2,1648828739999
1648828740000,80.18,80.23,79.59,80.11,3044.1,1648828799999
1648828800000,80.04,80.55,79.92,80.38,2596.5,1648828859999
1648828860000,80.37,80.47,79.79,80.24,2579.2,1648828919999
1648828920000,80.33,81.03,79.62,79.81,4312.3,1648828979999
1648828980000,79.81,80.39,79.67,80.18,2467.3,1648829039999
1648829040000,80.21,80.34,80.06,80.27,1496.0,1648829099999
1648829100000,80.32,80.33,79.8,79.96,2544.7,1648829159999
1648829160000,79.95,80.07,78.47,79.88,16447.4,1648829219999
1648829220000,79.88,81.19,79.63,80.34,7795.9,1648829279999
1648829280000,80.33,81.59,80.3,81.06,5752.9,1648829339999
1648829340000,81.06,81.58,80.82,81.2,2614.7,1648829399999
1648829400000,81.24,81.52,80.82,81.35,4634.5,1648829459999
1648829460000,81.42,81.77,81.26,81.49,2741.3,1648829519999
1648829520000,81.49,81.68,80.92,81.13,2967.3,1648829579999
1648829580000,81.1,81.38,80.51,81.29,2326.6,1648829639999
1648829640000,81.33,81.56,80.98,81.21,2763.3,1648829699999
1648829700000,81.27,81.27,80.53,80.87,2254.8,1648829759999
1648829760000,80.95,81.59,80.82,81.53,2722.2,1648829819999
1648829820000,81.53,81.59,81.24,81.49,1928.1,1648829879999
1648829880000,81.49,82.65,81.49,82.2,9047.2,1648829939999
1648829940000,82.25,82.32,81.41,81.86,3874.6,1648829999999
1648830000000,81.87,82.19,81.1,81.22,4245.0,1648830059999
1648830060000,81.22,81.85,81.07,81.4,2115.8,1648830119999
1648830120000,81.48,82.17,81.33,82.08,2326.8,1648830179999
1648830180000,82.08,82.19,81.93,82.11,1967.5,1648830239999
1648830240000,82.15,82.2,82.0,82.0,2218.9,1648830299999
1648830300000,82.03,82.48,82.0,82.25,2358.6,1648830359999
1648830360000,82.25,82.3,82.11,82.23,1082.0,1648830419999
1648830420000,82.21,82.89,82.13,82.89,3077.6,1648830479999
1648830480000,82.88,82.95,82.13,82.84,3461.5,1648830539999
1648830540000,82.91,84.17,82.85,83.55,7145.7,1648830599999
1648830600000,83.58,84.03,83.52,83.93,4998.0,1648830659999
1648830660000,83.95,84.09,82.6,82.65,6987.0,1648830719999
1648830720000,82.61,84.92,82.52,84.17,9440.4,1648830779999
1648830780000,84.16,84.42,83.67,84.25,5016.9,1648830839999
1648830840000,84.26,84.7,83.8,84.7,4379.5,1648830899999
1648830900000,84.66,84.97,83.88,84.86,5490.7,1648830959999
1648830960000,84.86,85.0,84.34,84.39,4548.1,1648831019999
1648831020000,84.38,84.42,83.5,83.89,6230.2,1648831079999
1648831080000,83.95,84.16,83.77,83.92,2629.4,1648831139999
1648831140000,83.92,84.48,83.85,83.97,3005.8,1648831199999
1648831200000,84.0,84.08,81.99,82.61,8209.9,1648831259999
1648831260000,82.58,82.98,81.51,82.66,8663.5,1648831319999
1648831320000,82.66,82.87,82.07,82.4,2915.3,1648831379999
1648831380000,82.4,82.45,82.0,82.1,1991.5,1648831439999
1648831440000,82.07,82.58,81.8,82.58,2278.2,1648831499999
1648831500000,82.58,82.87,82.02,82.11,1724.5,1648831559999
1648831560000,82.11,82.5,81.23,81.96,4174.9,1648831619999
1648831620000,81.96,81.96,80.45,81.17,6840.8,1648831679999
1648831680000,81.18,81.52,80.64,80.73,4081.9,1648831739999
1648831740000,80.78,81.57,80.78,81.11,2653.6,1648831799999
1648831800000,81.07,81.59,80.89,81.29,1846.5,1648831859999
1648831860000,81.18,81.45,80.86,81.06,1635.8,1648831919999
1648831920000,81.04,81.42,80.67,80.67,2374.7,1648831979999
1648831980000,80.69,80.94,79.96,80.4,5835.5,1648832039999
1648832040000,80.34,80.61,80.03,80.51,2153.5,1648832099999
1648832100000,80.51,80.56,80.19,80.3,1692.1,1648832159999
1648832160000,80.36,80.8,80.02,80.21,2488.8,1648832219999
1648832220000,80.2,80.8,80.2,80.71,1530.8,1648832279999
1648832280000,80.72,81.12,80.48,80.78,2030.7,1648832339999
1648832340000,80.78,80.87,80.39,80.63,1259.6,1648832399999
1648832400000,80.56,80.75,80.41,80.65,1094.8,1648832459999
1648832460000,80.71,80.72,79.56,80.37,5035.6,1648832519999
1648832520000,80.25,80.68,79.93,80.41,2282.4,1648832579999
1648832580000,80.44,80.52,80.21,80.45,846.6,1648832639999
1648832640000,80.42,80.7,80.42,80.52,1095.2,1648832699999
1648832700000,80.53,81.5,80.49,80.88,2722.9,1648832759999
1648832760000,80.87,81.5,80.87,81.32,2344.7,1648832819999
1648832820000,81.29,81.43,80.75,80.91,2061.3,1648832879999
1648832880000,80.91,81.34,80.91,81.0,1337.1,1648832939999
1648832940000,81.0,81.38,80.38,81.11,2674.0,1648832999999
1648833000000,81.05,81.32,81.01,81.21,904.4,1648833059999
1648833060000,81.28,81.5,81.19,81.21,1250.5,1648833119999
1648833120000,81.26,81.34,80.69,80.91,1274.5,1648833179999
1648833180000,80.96,81.0,80.85,80.9,464.6,1648833239999
1648833240000,80.89,81.45,80.81,81.35,655.7,1648833299999
1648833300000,81.44,81.49,81.01,81.28,1305.0,1648833359999
1648833360000,81.3,82.24,81.23,82.23,3419.8,1648833419999
1648833420000,82.23,82.36,81.5,81.96,4241.4,1648833479999
1648833480000,81.86,82.2,81.65,81.91,1677.5,1648833539999
1648833540000,81.89,82.14,81.83,81.98,808.8,1648833599999
1648833600000,81.98,82.04,81.6,81.96,1653.3,1648833659999
1648833660000,81.95,82.28,81.71,81.76,1768.4,1648833719999
1648833720000,81.7,82.0,81.66,81.83,738.3,1648833779999
1648833780000,81.83,82.3,81.72,81.85,1506.9,1648833839999
1648833840000,81.92,82.09,81.7,81.89,1226.5,1648833899999
1648833900000,81.89,82.0,81.82,81.99,649.3,1648833959999
1648833960000,81.99,82.14,81.9,82.14,552.7,1648834019999
1648834020000,82.04,82.04,80.94,81.24,3851.8,1648834079999
1648834080000,81.22,81.36,80.27,80.45,3898.6,1648834139999
1648834140000,80.43,80.82,80.21,80.45,1963.2,1648834199999
1648834200000,80.46,80.56,80.22,80.25,1630.4,1648834259999
1648834260000,80.26,80.59,79.64,80.09,3803.2,1648834319999
1648834320000,80.09,80.47,80.09,80.46,1207.7,1648834379999
1648834380000,80.44,80.46,80.23,80.43,909.5,1648834439999
1648834440000,80.42,80.44,80.27,80.32,510.0,1648834499999
1648834500000,80.32,80.47,80.29,80.37,953.9,1648834559999
1648834560000,80.35,80.44,80.23,80.29,786.7,1648834619999
1648834620000,80.27,80.3,79.61,79.87,2785.7,1648834679999
1648834680000,79.95,80.0,79.57,79.63,2464.7,1648834739999
1648834740000,79.63,80.22,79.57,80.0,1517.2,1648834799999
1648834800000,79.99,80.12,79.92,80.09,895.8,1648834859999
1648834860000,80.07,80.33,80.04,80.33,868.9,1648834919999
1648834920000,80.33,80.44,80.11,80.2,1127.4,1648834979999
1648834980000,80.2,80.53,80.12,80.38,1010.5,1648835039999
1648835040000,80.42,80.46,80.3,80.45,861.3,1648835099999
1648835100000,80.44,80.6,80.1,80.1,2178.5,1648835159999
1648835160000,80.12,80.38,79.97,80.32,940.8,1648835219999
1648835220000,80.32,80.75,80.28,80.7,1856.9,1648835279999
1648835280000,80.65,80.7,80.5,80.53,722.5,1648835339999
1648835340000,80.52,80.58,80.11,80.43,667.3,1648835399999
1648835400000,80.41,80.41,80.03,80.26,815.1,1648835459999
1648835460000,80.22,80.57,80.0,80.27,1378.0,1648835519999
1648835520000,80.27,80.66,80.26,80.46,779.2,1648835579999
1648835580000,80.46,80.59,80.2,80.38,713.1,1648835639999
1648835640000,80.38,80.4,80.0,80.23,678.6,1648835699999
1648835700000,80.22,80.26,79.83,80.06,733.1,1648835759999
1648835760000,80.06,80.1,79.5,79.69,1868.9,1648835819999
1648835820000,79.72,79.89,79.23,79.38,2436.9,1648835879999
1648835880000,79.43,79.75,79.18,79.58,1848.5,1648835939999
1648835940000,79.64,80.06,79.53,79.89,1132.1,1648835999999
1648836000000,79.9,80.48,79.41,79.59,1799.4,1648836059999
1648836060000,79.57,79.87,79.2,79.62,1209.7,1648836119999
1648836120000,79.67,79.78,79.54,79.66,436.7,1648836179999
1648836180000,79.65,79.91,79.54,79.82,550.5,1648836239999
1648836240000,79.85,80.23,79.76,79.95,1240.0,1648836299999
1648836300000,79.96,80.04,79.76,79.9,442.3,1648836359999
1648836360000,79.9,80.29,79.89,80.09,650.8,1648836419999
1648836420000,80.09,80.29,79.96,80.09,780.4,1648836479999
1648836480000,80.07,80.69,80.07,80.44,1670.9,1648836539999
1648836540000,80.49,80.92,80.25,80.43,1784.0,1648836599999
1648836600000,80.47,80.75,80.25,80.6,675.1,1648836659999
1648836660000,80.52,80.71,80.37,80.53,651.1,1648836719999
1648836720000,80.57,80.88,80.08,80.19,1011.7,1648836779999
1648836780000,80.23,80.64,80.02,80.16,1255.3,1648836839999
1648836840000,80.1,80.97,79.9,80.71,1406.0,1648836899999
1648836900000,80.7,81.43,80.42,81.37,2517.8,1648836959999
1648836960000,81.38,81.38,80.83,80.99,1159.1,1648837019999
1648837020000,80.93,80.97,80.32,80.64,965.5,1648837079999
1648837080000,80.59,80.64,80.42,80.45,396.3,1648837139999
1648837140000,80.45,80.46,80.3,80.39,407.7,1648837199999
1648837200000,80.41,80.43,80.12,80.18,483.1,1648837259999
1648837260000,80.13,80.23,80.07,80.07,374.0,1648837319999
1648837320000,80.13,80.2,80.0,80.0,498.1,1648837379999
1648837380000,80.07,80.19,79.99,80.05,758.9,1648837439999
1648837440000,80.05,80.1,80.01,80.06,386.9,1648837499999
1648837500000,80.1,80.11,80.0,80.0,496.4,1648837559999
1648837560000,80.02,80.11,79.66,79.81,1833.1,1648837619999
1648837620000,79.78,79.89,79.64,79.7,847.2,1648837679999
1648837680000,79.7,79.79,79.64,79.72,632.7,1648837739999
1648837740000,79.72,80.69,79.69,80.34,988.9,1648837799999
1648837800000,80.38,80.43,79.94,80.41,694.5,1648837859999
1648837860000,80.35,80.43,80.12,80.22,278.0,1648837919999
1648837920000,80.24,80.62,80.21,80.61,670.7,1648837979999
1648837980000,80.55,80.79,80.53,80.72,839.2,1648838039999
1648838040000,80.73,80.88,80.71,80.77,868.2,1648838099999
1648838100000,80.79,80.85,80.73,80.8,436.2,1648838159999
1648838160000,80.76,80.78,80.42,80.42,842.2,1648838219999
1648838220000,80.42,80.89,80.16,80.77,1273.1,1648838279999
1648838280000,80.78,81.69,80.53,81.53,3529.6,1648838339999
1648838340000,81.58,82.0,81.45,81.9,2409.8,1648838399999
1648838400000,81.92,82.0,81.21,81.5,1928.8,1648838459999
1648838460000,81.47,81.47,80.75,80.87,1024.8,1648838519999
1648838520000,80.83,80.9,80.78,80.89,794.3,1648838579999
1648838580000,80.89,80.9,80.7,80.71,562.1,1648838639999
1648838640000,80.71,80.78,80.68,80.7,594.9,1648838699999
1648838700000,80.68,80.7,80.32,80.53,1810.1,1648838759999
1648838760000,80.53,80.69,80.31,80.61,1162.2,1648838819999
1648838820000,80.61,81.37,80.61,81.14,1373.8,1648838879999
1648838880000,81.2,81.22,80.94,81.1,521.0,1648838939999
1648838940000,81.08,81.14,80.81,81.05,715.7,1648838999999
1648839000000,81.01,81.52,80.86,81.03,1429.3,1648839059999
1648839060000,81.08,81.53,81.07,81.45,1010.7,1648839119999
1648839120000,81.5,81.62,81.28,81.41,1082.2,1648839179999
1648839180000,81.41,81.45,81.2,81.31,676.6,1648839239999
1648839240000,81.34,81.34,81.12,81.16,571.1,1648839299999
1648839300000,81.15,81.62,81.13,81.58,765.3,1648839359999
1648839360000,81.58,81.61,81.3,81.53,715.7,1648839419999
1648839420000,81.52,81.57,81.31,81.47,728.4,1648839479999
1648839480000,81.46,81.48,81.35,81.35,417.6,1648839539999
1648839540000,81.35,81.48,81.35,81.38,249.6,1648839599999
1648839600000,81.38,81.43,81.14,81.34,927.9,1648839659999
1648839660000,81.22,81.98,81.22,81.27,2195.1,1648839719999
1648839720000,81.26,81.95,81.26,81.75,1065.1,1648839779999
1648839780000,81.7,81.79,81.61,81.79,331.1,1648839839999
1648839840000,81.8,82.0,81.75,82.0,947.0,1648839899999
1648839900000,82.0,82.31,81.53,82.1,4013.1,1648839959999
1648839960000,82.07,82.17,81.82,82.11,1130.8,1648840019999
1648840020000,82.07,82.3,81.96,82.29,1335.8,1648840079999
1648840080000,82.27,82.3,82.05,82.15,1586.0,1648840139999
1648840140000,82.2,82.4,82.05,82.19,1824.2,1648840199999
1648840200000,82.16,82.24,81.67,81.93,1916.9,1648840259999
1648840260000,81.98,82.07,81.55,81.62,1241.6,1648840319999
1648840320000,81.56,81.66,81.12,81.5,1698.5,1648840379999
1648840380000,81.5,81.52,81.3,81.41,860.2,1648840439999
1648840440000,81.43,81.5,81.39,81.48,368.3,1648840499999
1648840500000,81.44,81.51,81.25,81.25,681.1,1648840559999
1648840560000,81.31,81.37,81.12,81.23,1323.2,1648840619999
1648840620000,81.14,81.24,80.54,80.8,2436.0,1648840679999
1648840680000,80.88,81.25,80.63,81.24,1244.1,1648840739999
1648840740000,81.23,81.51,81.0,81.02,1027.9,1648840799999
1648840800000,81.02,81.5,80.93,81.28,927.4,1648840859999
1648840860000,81.27,81.28,80.87,80.97,674.2,1648840919999
1648840920000,80.96,81.44,80.8,81.07,1110.7,1648840979999
1648840980000,81.0,81.23,80.92,81.22,443.0,1648841039999
1648841040000,81.22,81.33,81.06,81.25,455.9,1648841099999
1648841100000,81.26,81.38,81.05,81.17,566.6,1648841159999
1648841160000,81.17,81.26,81.02,81.05,757.7,1648841219999
1648841220000,81.09,81.14,81.02,81.09,123.2,1648841279999
1648841280000,81.07,81.24,81.02,81.15,178.6,1648841339999
1648841340000,81.16,81.38,81.16,81.33,574.5,1648841399999
1648841400000,81.35,81.39,80.29,80.56,1441.3,1648841459999
1648841460000,80.6,81.18,80.6,80.74,898.2,1648841519999
1648841520000,80.78,81.01,80.62,80.7,488.9,1648841579999
1648841580000,80.63,80.94,80.57,80.81,749.2,1648841639999
1648841640000,80.74,80.85,80.53,80.53,327.5,1648841699999
1648841700000,80.6,80.83,80.53,80.67,644.3,1648841759999
1648841760000,80.65,80.92,80.14,80.38,1417.9,1648841819999
1648841820000,80.38,80.68,80.13,80.52,654.2,1648841879999
1648841880000,80.52,80.56,80.3,80.34,531.9,1648841939999
1648841940000,80.34,80.49,80.22,80.4,756.9,1648841999999
1648842000000,80.4,80.5,80.24,80.47,521.9,1648842059999
1648842060000,80.47,80.49,80.27,80.49,282.2,1648842119999
1648842120000,80.5,80.5,80.31,80.4,214.9,1648842179999
1648842180000,80.4,80.91,80.4,80.81,856.7,1648842239999
1648842240000,80.89,81.0,80.72,80.95,735.3,1648842299999
1648842300000,80.93,81.61,80.89,81.05,2105.0,1648842359999
1648842360000,81.16,81.54,81.11,81.49,530.4,1648842419999
1648842420000,81.53,81.84,81.19,81.28,1746.6,1648842479999
1648842480000,81.26,81.7,81.12,81.45,870.3,1648842539999
1648842540000,81.5,81.5,81.08,81.31,228.8,1648842599999
1648842600000,81.3,81.53,80.89,81.52,855.7,1648842659999
1648842660000,81.53,81.75,81.22,81.48,702.5,1648842719999
1648842720000,81.49,81.57,81.22,81.35,385.2,1648842779999
1648842780000,81.33,81.52,81.32,81.42,337.9,1648842839999
1648842840000,81.42,81.42,80.92,81.22,475.3,1648842899999
1648842900000,81.18,81.22,81.02,81.06,419.6,1648842959999
1648842960000,81.13,81.14,80.91,80.93,218.7,1648843019999
1648843020000,80.92,80.98,80.9,80.98,305.2,1648843079999
1648843080000,80.98,81.12,80.98,81.03,176.0,1648843139999
1648843140000,81.0,81.12,80.96,81.05,137.7,1648843199999
1648843200000,81.07,81.1,80.98,81.02,276.1,1648843259999
1648843260000,80.98,81.05,80.76,80.98,704.5,1648843319999
1648843320000,81.0,81.73,81.0,81.37,1334.2,1648843379999
1648843380000,81.38,81.59,80.7,80.82,1123.1,1648843439999
1648843440000,80.82,80.86,80.36,80.52,1138.8,1648843499999
1648843500000,80.52,80.8,80.46,80.6,597.7,1648843559999
1648843560000,80.65,80.79,80.53,80.63,203.5,1648843619999
1648843620000,80.67,81.23,80.66,80.88,1209.8,1648843679999
1648843680000,80.88,80.99,80.78,80.88,497.3,1648843739999
1648843740000,80.85,81.14,80.85,81.05,673.5,1648843799999
1648843800000,81.01,81.15,80.95,81.02,441.2,1648843859999
1648843860000,81.02,81.37,80.89,81.02,554.4,1648843919999
1648843920000,81.01,81.07,80.45,80.83,675.1,1648843979999
1648843980000,80.76,80.86,80.69,80.83,153.9,1648844039999
1648844040000,80.8,80.82,80.67,80.76,392.4,1648844099999
1648844100000,80.78,80.81,80.64,80.76,205.4,1648844159999
1648844160000,80.76,81.3,80.74,80.92,1049.5,1648844219999
1648844220000,80.95,81.18,80.83,80.97,351.5,1648844279999
1648844280000,80.92,81.06,80.89,80.99,281.6,1648844339999
1648844340000,81.05,81.4,80.93,81.11,960.7,1648844399999
1648844400000,81.08,81.3,80.85,80.92,837.4,1648844459999
1648844460000,80.92,81.02,80.82,81.02,346.5,1648844519999
1648844520000,81.01,81.4,80.88,81.33,660.9,1648844579999
1648844580000,81.35,81.77,81.24,81.44,1099.3,1648844639999
1648844640000,81.48,81.57,81.35,81.38,876.5,1648844699999
1648844700000,81.4,81.47,81.01,81.24,945.2,1648844759999
1648844760000,81.27,81.85,81.16,81.62,886.5,1648844819999
1648844820000,81.62,81.68,81.42,81.52,664.9,1648844879999
1648844880000,81.48,81.52,81.2,81.33,748.3,1648844939999
1648844940000,81.33,81.56,81.23,81.38,365.4,1648844999999
1648845000000,81.44,81.55,81.38,81.52,211.1,1648845059999
1648845060000,81.55,81.57,81.4,81.56,377.3,1648845119999
1648845120000,81.52,81.57,81.36,81.4,356.3,1648845179999
1648845180000,81.4,81.49,81.33,81.38,332.8,1648845239999
1648845240000,81.32,81.37,81.2,81.26,220.0,1648845299999
1648845300000,81.22,81.32,81.2,81.32,227.4,1648845359999
1648845360000,81.28,81.52,81.28,81.36,397.3,1648845419999
1648845420000,81.34,81.44,81.34,81.36,342.8,1648845479999
1648845480000,81.36,81.45,81.34,81.45,237.4,1648845539999
1648845540000,81.44,81.5,81.42,81.5,295.5,1648845599999
1648845600000,81.48,82.25,81.46,82.21,2621.6,1648845659999
1648845660000,82.22,82.4,81.82,82.32,2049.8,1648845719999
1648845720000,82.3,82.44,82.08,82.11,2292.9,1648845779999
1648845780000,82.13,82.2,82.02,82.17,582.1,1648845839999
1648845840000,82.18,82.46,82.01,82.35,1607.1,1648845899999
1648845900000,82.35,83.0,82.34,82.83,3654.7,1648845959999
1648845960000,82.83,82.83,82.49,82.56,2011.2,1648846019999
1648846020000,82.56,82.69,81.91,82.16,3017.7,1648846079999
1648846080000,82.21,82.78,82.21,82.78,1380.5,1648846139999
1648846140000,82.78,82.91,82.38,82.73,1703.3,1648846199999
1648846200000,82.73,83.0,82.65,82.74,1551.7,1648846259999
1648846260000,82.74,83.0,82.63,82.9,2193.2,1648846319999
1648846320000,82.9,83.54,82.82,83.23,3271.0,1648846379999
1648846380000,83.2,83.93,83.01,83.19,3740.9,1648846439999
1648846440000,83.14,83.74,83.12,83.62,1977.6,1648846499999
1648846500000,83.61,83.93,83.26,83.73,1560.0,1648846559999
1648846560000,83.75,83.78,83.21,83.5,2006.4,1648846619999
1648846620000,83.54,83.83,83.52,83.6,1846.7,1648846679999
1648846680000,83.59,83.62,82.72,82.95,3771.9,1648846739999
1648846740000,82.9,82.99,82.71,82.82,2218.7,1648846799999
1648846800000,82.77,82.86,82.4,82.73,2277.3,1648846859999
1648846860000,82.76,83.35,82.37,83.2,1826.9,1648846919999
1648846920000,83.17,83.2,82.65,82.86,1396.2,1648846979999
1648846980000,82.86,82.87,82.51,82.53,718.2,1648847039999
1648847040000,82.53,82.74,82.37,82.39,1328.7,1648847099999
1648847100000,82.39,82.5,82.01,82.02,2045.0,1648847159999
1648847160000,82.08,82.32,82.0,82.28,1268.7,1648847219999
1648847220000,82.27,82.28,81.7,82.03,2561.2,1648847279999
1648847280000,82.01,82.4,81.87,82.09,1294.2,1648847339999
1648847340000,82.13,82.27,81.99,82.17,606.5,1648847399999
1648847400000,82.17,82.27,82.07,82.16,688.2,1648847459999
1648847460000,82.14,82.21,82.01,82.14,361.5,1648847519999
1648847520000,82.18,82.2,82.06,82.06,381.5,1648847579999
1648847580000,82.05,82.1,81.83,81.91,577.4,1648847639999
1648847640000,81.92,82.05,81.79,82.03,550.3,1648847699999
1648847700000,82.0,82.1,81.88,82.0,642.4,1648847759999
1648847760000,82.02,82.46,81.99,82.4,874.6,1648847819999
1648847820000,82.4,82.86,82.37,82.43,1695.4,1648847879999
1648847880000,82.49,82.79,82.04,82.56,1346.0,1648847939999
1648847940000,82.55,82.72,82.4,82.6,880.4,1648847999999
1648848000000,82.6,82.79,82.6,82.65,493.6,1648848059999
1648848060000,82.67,82.79,82.21,82.44,773.8,1648848119999
1648848120000,82.42,82.52,82.21,82.26,544.3,1648848179999
1648848180000,82.25,82.33,82.02,82.25,884.3,1648848239999
1648848240000,82.3,82.66,82.27,82.49,439.1,1648848299999
1648848300000,82.48,82.67,82.42,82.46,430.8,1648848359999
1648848360000,82.48,82.64,82.27,82.33,248.4,1648848419999
1648848420000,82.32,82.41,82.04,82.26,440.6,1648848479999
1648848480000,82.23,82.27,82.21,82.22,249.7,1648848539999
1648848540000,82.23,82.39,82.22,82.37,196.4,1648848599999
1648848600000,82.36,82.61,82.25,82.55,681.9,1648848659999
1648848660000,82.6,82.62,82.37,82.41,647.5,1648848719999
1648848720000,82.45,82.52,82.28,82.34,169.4,1648848779999
1648848780000,82.39,83.0,82.39,83.0,1435.9,1648848839999
1648848840000,82.94,82.97,82.7,82.81,730.4,1648848899999
1648848900000,82.76,82.8,82.57,82.57,419.8,1648848959999
1648848960000,82.55,82.77,82.5,82.76,298.9,1648849019999
1648849020000,82.77,83.23,82.7,82.9,1741.1,1648849079999
1648849080000,82.9,83.01,82.84,83.01,548.8,1648849139999
1648849140000,83.0,83.2,82.91,83.06,892.8,1648849199999
1648849200000,83.06,83.17,82.52,82.8,1022.3,1648849259999
1648849260000,82.84,83.16,82.76,83.13,573.4,1648849319999
1648849320000,83.08,83.38,82.9,82.91,1317.3,1648849379999
1648849380000,82.96,83.08,82.9,82.99,458.4,1648849439999
1648849440000,82.96,82.97,82.76,82.92,610.6,1648849499999
1648849500000,82.94,82.98,82.77,82.86,408.3,1648849559999
1648849560000,82.86,83.04,82.77,82.99,578.6,1648849619999
1648849620000,82.98,83.2,82.98,83.05,294.6,1648849679999
1648849680000,83.09,83.2,82.99,83.17,398.7,1648849739999
1648849740000,83.18,83.28,82.99,83.16,798.8,1648849799999
1648849800000,83.18,83.31,83.1,83.26,829.9,1648849859999
1648849860000,83.28,83.69,83.25,83.53,2213.6,1648849919999
1648849920000,83.51,83.51,83.1,83.25,920.9,1648849979999
1648849980000,83.29,83.33,83.1,83.18,492.4,1648850039999
1648850040000,83.2,83.38,83.18,83.31,467.8,1648850099999
1648850100000,83.3,83.83,83.3,83.57,1593.2,1648850159999
1648850160000,83.56,83.73,83.5,83.56,666.0,1648850219999
1648850220000,83.6,83.69,83.56,83.6,259.6,1648850279999
1648850280000,83.61,83.7,83.55,83.59,470.7,1648850339999
1648850340000,83.63,83.7,83.31,83.68,1146.6,1648850399999
1648850400000,83.63,83.9,83.51,83.77,1083.8,1648850459999
1648850460000,83.83,84.0,83.68,83.92,2580.9,1648850519999
1648850520000,83.9,83.9,83.44,83.51,1849.1,1648850579999
1648850580000,83.5,83.51,83.11,83.27,1220.2,1648850639999
1648850640000,83.23,83.45,83.23,83.32,576.7,1648850699999
1648850700000,83.32,83.33,83.0,83.0,1181.6,1648850759999
1648850760000,83.07,83.18,82.77,82.81,1539.4,1648850819999
1648850820000,82.81,83.02,82.76,82.99,857.0,1648850879999
1648850880000,82.96,83.14,82.5,82.77,1704.8,1648850939999
1648850940000,82.76,82.99,82.62,82.95,511.3,1648850999999
1648851000000,82.93,83.11,82.64,82.64,940.9,1648851059999
1648851060000,82.62,82.82,82.3,82.44,1582.2,1648851119999
1648851120000,82.44,82.47,82.34,82.45,683.6,1648851179999
1648851180000,82.41,82.85,82.28,82.58,768.3,1648851239999
1648851240000,82.58,82.77,82.55,82.76,177.7,1648851299999
1648851300000,82.72,82.87,82.21,82.22,1153.4,1648851359999
1648851360000,82.29,82.43,81.67,81.92,3578.9,1648851419999
1648851420000,81.89,82.23,81.86,82.14,511.6,1648851479999
1648851480000,82.18,82.2,81.62,81.78,983.2,1648851539999
1648851540000,81.77,81.91,81.31,81.31,1352.5,1648851599999
1648851600000,81.32,81.72,81.25,81.7,1279.1,1648851659999
1648851660000,81.71,82.11,81.65,81.85,1406.2,1648851719999
1648851720000,81.93,81.93,81.6,81.66,448.4,1648851779999
1648851780000,81.63,81.89,81.6,81.74,356.2,1648851839999
1648851840000,81.78,81.8,81.72,81.79,122.3,1648851899999
1648851900000,81.79,81.99,81.75,81.98,417.5,1648851959999
1648851960000,81.98,82.25,81.95,82.16,480.3,1648852019999
1648852020000,82.16,82.2,82.15,82.16,225.7,1648852079999
1648852080000,82.16,82.25,82.15,82.16,252.1,1648852139999
1648852140000,82.19,82.2,81.77,81.92,664.6,1648852199999
1648852200000,81.92,81.92,81.2,81.51,1442.6,1648852259999
1648852260000,81.52,81.67,80.55,80.88,5504.3,1648852319999
1648852320000,80.87,80.98,80.66,80.82,1090.9,1648852379999
1648852380000,80.75,80.82,80.4,80.47,1850.5,1648852439999
1648852440000,80.47,80.47,79.36,79.76,7093.1,1648852499999
1648852500000,79.76,80.23,79.72,79.9,2078.1,1648852559999
1648852560000,79.92,80.46,79.63,79.93,2010.0,1648852619999
1648852620000,79.84,80.23,79.74,80.06,1100.1,1648852679999
1648852680000,80.02,80.16,79.79,79.85,764.1,1648852739999
1648852740000,79.85,80.04,79.8,80.04,667.0,1648852799999
1648852800000,80.02,80.2,79.85,80.08,1137.9,1648852859999
1648852860000,80.03,80.13,79.8,80.07,1319.9,1648852919999
1648852920000,80.07,80.08,79.47,79.53,1775.0,1648852979999
1648852980000,79.55,79.72,79.22,79.43,2636.1,1648853039999
1648853040000,79.43,79.55,79.07,79.36,2423.4,1648853099999
1648853100000,79.37,79.41,79.04,79.23,2893.6,1648853159999
1648853160000,79.24,80.14,79.24,80.09,2837.1,1648853219999
1648853220000,80.1,80.15,79.41,79.73,1563.6,1648853279999
1648853280000,79.73,79.9,79.58,79.9,464.4,1648853339999
1648853340000,79.9,80.1,79.85,80.1,744.6,1648853399999
1648853400000,80.07,80.09,79.9,79.9,413.4,1648853459999
1648853460000,79.92,79.95,79.57,79.59,647.1,1648853519999
1648853520000,79.57,79.79,79.57,79.7,296.9,1648853579999
1648853580000,79.7,79.87,79.68,79.7,233.8,1648853639999
1648853640000,79.71,79.71,79.18,79.35,892.3,1648853699999
1648853700000,79.35,79.64,79.22,79.46,713.2,1648853759999
1648853760000,79.4,79.5,78.61,79.28,3713.2,1648853819999
1648853820000,79.18,79.28,78.91,79.26,717.9,1648853879999
1648853880000,79.26,79.38,79.03,79.19,637.3,1648853939999
1648853940000,79.2,79.78,79.2,79.69,1430.0,1648853999999
1648854000000,79.64,79.78,79.55,79.78,709.5,1648854059999
1648854060000,79.74,79.85,79.56,79.62,778.5,1648854119999
1648854120000,79.63,80.08,79.61,80.08,1064.9,1648854179999
1648854180000,80.05,80.13,79.68,80.07,1131.2,1648854239999
1648854240000,80.13,80.2,79.9,79.96,931.3,1648854299999
1648854300000,80.02,80.22,80.02,80.21,897.2,1648854359999
1648854360000,80.22,80.29,79.88,80.16,1194.7,1648854419999
1648854420000,80.16,80.64,80.15,80.46,1500.1,1648854479999
1648854480000,80.5,80.8,80.34,80.69,1470.6,1648854539999
1648854540000,80.69,81.14,80.61,80.93,3535.8,1648854599999
1648854600000,80.96,81.24,80.8,81.22,2033.5,1648854659999
1648854660000,81.23,81.24,80.5,80.98,2098.8,1648854719999
1648854720000,80.99,81.14,80.83,80.83,1028.7,1648854779999
1648854780000,80.84,80.98,80.0,80.7,3445.5,1648854839999
1648854840000,80.73,80.73,80.29,80.47,1829.1,1648854899999
1648854900000,80.54,80.63,80.01,80.08,1864.5,1648854959999
1648854960000,80.07,80.16,79.59,79.7,2310.2,1648855019999
1648855020000,79.69,80.36,79.3,79.98,2985.9,1648855079999
1648855080000,80.0,80.53,79.7,80.11,1755.0,1648855139999
1648855140000,80.1,80.42,79.85,79.85,910.6,1648855199999
1648855200000,79.84,80.06,79.51,79.89,915.0,1648855259999
1648855260000,79.91,80.65,79.91,80.32,989.0,1648855319999
1648855320000,80.37,80.44,79.98,80.24,699.8,1648855379999
1648855380000,80.26,80.33,79.88,79.96,469.5,1648855439999
1648855440000,79.96,80.32,79.89,80.01,499.3,1648855499999
1648855500000,80.01,80.02,79.31,79.46,1341.1,1648855559999
1648855560000,79.44,79.83,79.38,79.45,1191.0,1648855619999
1648855620000,79.49,79.88,79.44,79.67,619.5,1648855679999
1648855680000,79.61,79.84,79.52,79.79,639.3,1648855739999
1648855740000,79.75,79.79,79.48,79.56,417.7,1648855799999
1648855800000,79.56,79.88,79.31,79.82,1089.2,1648855859999
1648855860000,79.82,79.88,79.3,79.31,1010.8,1648855919999
1648855920000,79.32,79.51,79.17,79.18,1330.2,1648855979999
1648855980000,79.18,79.47,79.15,79.27,1102.1,1648856039999
1648856040000,79.29,79.52,79.0,79.12,1412.8,1648856099999
1648856100000,79.11,79.41,79.11,79.28,618.6,1648856159999
1648856160000,79.22,79.36,79.03,79.18,691.5,1648856219999
1648856220000,79.18,79.4,79.07,79.22,441.9,1648856279999
1648856280000,79.18,79.23,79.01,79.14,708.6,1648856339999
1648856340000,79.14,79.44,79.11,79.41,345.5,1648856399999
1648856400000,79.4,79.84,79.34,79.68,1227.3,1648856459999
1648856460000,79.68,79.89,79.41,79.56,916.2,1648856519999
1648856520000,79.55,79.65,79.47,79.53,194.9,1648856579999
1648856580000,79.54,79.72,79.51,79.6,232.7,1648856639999
1648856640000,79.59,79.66,79.5,79.5,193.8,1648856699999
1648856700000,79.5,79.5,79.15,79.21,642.6,1648856759999
1648856760000,79.27,79.31,79.0,79.06,1368.8,1648856819999
1648856820000,79.06,79.18,78.9,79.06,980.0,1648856879999
1648856880000,79.01,79.43,78.97,79.23,432.1,1648856939999
1648856940000,79.21,79.34,78.88,79.01,1095.4,1648856999999
1648857000000,79.0,79.25,78.39,78.68,7247.9,1648857059999
1648857060000,78.68,79.25,76.22,77.31,18052.6,1648857119999
1648857120000,77.23,77.5,74.7,75.7,29147.5,1648857179999
1648857180000,75.7,76.0,75.15,75.64,5395.2,1648857239999
1648857240000,75.64,76.75,75.5,76.27,7094.5,1648857299999
1648857300000,76.27,76.73,76.01,76.62,2419.4,1648857359999
1648857360000,76.63,77.8,76.01,77.59,6608.8,1648857419999
1648857420000,77.59,78.85,76.99,78.73,4889.2,1648857479999
1648857480000,78.68,78.86,78.07,78.35,2843.5,1648857539999
1648857540000,78.33,78.49,78.2,78.31,844.0,1648857599999
