1648166400000,43961.0,43963.1,43913.4,43913.4,0.550,1648166459999,24172.9189,24,0.313,13759.7557,0
1648166460000,43933.2,43961.3,43933.2,43959.8,1.532,1648166519999,67342.9298,24,1.529,67211.1302,0
1648166520000,43962.4,43966.9,43946.4,43951.9,0.856,1648166579999,37628.5572,30,0.752,33057.6281,0
1648166580000,43938.3,43944.8,43894.0,43909.4,1.764,1648166639999,77482.6196,47,0.565,24823.5999,0
1648166640000,43894.9,43894.9,43879.7,43879.7,0.605,1648166699999,26549.8484,14,0.000,0.0000,0
1648166700000,43879.8,43898.9,43879.7,43879.7,0.838,1648166759999,36773.1839,18,0.238,10445.0954,0
1648166760000,43879.7,43879.7,43860.0,43874.5,3.239,1648166819999,142089.3997,58,0.668,29306.1026,0
1648166820000,43880.3,43909.2,43880.3,43901.2,1.056,1648166879999,46354.9134,32,0.479,21022.5440,0
1648166880000,43890.3,43893.8,43883.6,43893.8,0.043,1648166939999,1887.1853,7,0.005,219.4571,0
1648166940000,43895.8,43895.8,43870.1,43880.2,0.872,1648166999999,38261.2762,27,0.359,15752.9821,0
1648167000000,43860.9,43861.6,43857.6,43861.6,0.265,1648167059999,11622.9928,6,0.000,0.0000,0
1648167060000,43863.3,43867.6,43851.7,43851.7,1.310,1648167119999,57457.2713,40,0.467,20485.2210,0
1648167120000,43860.9,43896.8,43860.9,43888.6,0.719,1648167179999,31546.8660,22,0.511,22418.0453,0
1648167180000,43897.5,43904.0,43896.4,43896.4,0.116,1648167239999,5092.4443,7,0.030,1316.9739,0
1648167240000,43888.9,43888.9,43878.6,43878.6,0.774,1648167299999,33966.8369,19,0.086,3773.5968,0
1648167300000,43865.7,43869.1,43855.3,43855.3,0.184,1648167359999,8070.4284,40,0.116,5087.9738,0
1648167360000,43858.1,43859.9,43835.2,43835.2,0.813,1648167419999,35652.0739,25,0.005,219.2825,0
1648167420000,43838.3,43844.2,43835.2,43844.2,0.482,1648167479999,21130.1202,9,0.272,11923.4889,0
1648167480000,43847.1,43857.8,43845.7,43845.7,0.272,1648167539999,11928.5421,10,0.068,2981.8188,0
1648167540000,43839.0,43871.7,43828.0,43858.0,1.668,1648167599999,73121.3031,34,0.263,11532.8115,0
1648167600000,43855.6,43855.6,43832.6,43832.6,0.354,1648167659999,15521.3589,8,0.055,2410.8865,0
1648167660000,43827.8,43846.9,43817.5,43828.6,1.286,1648167719999,56370.3855,28,0.840,36824.0358,0
1648167720000,43826.6,43829.9,43813.2,43821.0,0.283,1648167779999,12402.0237,12,0.037,1621.6135,0
1648167780000,43842.6,43842.6,43816.0,43816.0,0.316,1648167839999,13846.9350,11,0.010,438.4052,0
1648167840000,43829.7,43856.8,43829.3,43842.9,1.159,1648167899999,50813.7209,29,0.783,34328.8837,0
1648167900000,43841.8,43861.4,43839.6,43859.7,0.440,1648167959999,19291.5771,22,0.110,4823.8300,0
1648167960000,43860.7,43887.2,43860.7,43886.2,0.112,1648168019999,4913.7337,4,0.019,833.7958,0
1648168020000,43886.2,43887.9,43876.8,43882.6,0.067,1648168079999,2940.2504,8,0.012,526.6460,0
1648168080000,43876.7,43887.9,43876.7,43880.6,0.108,1648168139999,4738.8854,9,0.047,2062.2096,0
1648168140000,43880.4,43880.4,43849.5,43849.5,0.721,1648168199999,31628.6683,23,0.133,5833.5883,0
1648168200000,43865.0,43865.0,43862.0,43862.1,0.151,1648168259999,6623.2753,6,0.101,4430.1453,0
1648168260000,43879.0,43891.0,43872.9,43880.5,0.405,1648168319999,17772.4254,15,0.213,9347.5968,0
1648168320000,43873.5,43873.5,43849.0,43849.0,0.390,1648168379999,17104.3689,11,0.102,4474.3806,0
1648168380000,43845.6,43870.1,43845.6,43868.5,1.177,1648168439999,51631.3011,20,0.107,4693.0947,0
1648168440000,43868.4,43870.1,43852.7,43870.1,2.201,1648168499999,96535.3495,22,0.288,12631.7285,0
1648168500000,43868.9,43887.2,43868.2,43870.8,3.928,1648168559999,172357.5074,45,1.009,44277.4524,0
1648168560000,43879.7,43894.6,43872.5,43889.1,0.245,1648168619999,10750.8648,10,0.024,1053.3874,0
1648168620000,43889.0,43901.3,43884.4,43901.3,0.197,1648168679999,8646.5090,11,0.052,2282.6761,0
1648168680000,43899.2,43933.8,43899.2,43932.0,1.720,1648168739999,75541.6729,38,0.877,38516.1770,0
1648168740000,43936.6,43949.2,43921.3,43942.1,2.391,1648168799999,105046.8373,47,0.241,10588.7914,0
1648168800000,43945.3,43951.5,43929.6,43947.6,2.248,1648168859999,98783.8565,63,0.656,28829.1609,0
1648168860000,43939.6,43951.4,43934.9,43947.3,1.205,1648168919999,52949.7375,29,0.067,2944.3333,0
1648168920000,43949.0,43967.0,43949.0,43964.7,5.708,1648168979999,250878.0334,20,5.446,239360.3000,0
1648168980000,43964.8,43967.0,43959.2,43961.5,0.469,1648169039999,20620.2093,13,0.400,17586.6885,0
1648169040000,43965.9,43967.0,43953.5,43960.6,2.556,1648169099999,112368.0260,35,0.249,10947.2684,0
1648169100000,43960.0,43967.0,43950.0,43966.9,2.207,1648169159999,97025.2626,15,0.307,13497.6053,0
1648169160000,43967.0,43969.0,43967.0,43968.9,5.254,1648169219999,231004.3763,38,5.216,229333.5581,0
1648169220000,43969.0,43969.0,43963.1,43966.7,4.276,1648169279999,188003.5804,53,0.587,25809.6619,0
1648169280000,43966.8,43969.0,43966.8,43969.0,0.193,1648169339999,8485.8567,9,0.112,4924.4620,0
1648169340000,43968.0,43968.0,43955.8,43959.8,0.695,1648169399999,30551.9758,20,0.048,2110.1964,0
1648169400000,43966.3,43967.8,43959.7,43967.7,0.397,1648169459999,17455.1419,13,0.381,16751.7227,0
1648169460000,43966.0,43966.0,43966.0,43966.0,0.002,1648169519999,87.9320,1,0.002,87.9320,0
1648169520000,43935.4,43944.5,43906.1,43906.6,0.679,1648169579999,29829.7702,18,0.267,11732.0176,0
1648169580000,43915.7,43915.7,43900.8,43900.8,0.176,1648169639999,7727.7366,9,0.052,2283.0992,0
1648169640000,43900.9,43913.1,43900.8,43909.4,0.662,1648169699999,29064.1133,22,0.564,24761.3961,0
1648169700000,43913.2,43940.9,43913.2,43936.7,0.385,1648169759999,16913.4960,9,0.181,7950.5275,0
1648169760000,43946.0,43949.4,43934.0,43949.4,0.328,1648169819999,14411.0326,11,0.040,1757.7716,0
1648169820000,43947.9,43958.0,43923.3,43930.5,0.346,1648169879999,15205.9310,14,0.248,10898.4188,0
1648169880000,43923.3,43939.1,43923.3,43939.1,0.109,1648169939999,4788.3457,6,0.104,4568.6502,0
1648169940000,43940.1,43948.2,43940.1,43944.3,0.211,1648169999999,9272.4301,10,0.049,2153.1178,0
1648170000000,43927.6,43949.2,43923.3,43933.8,0.263,1648170059999,11554.9755,11,0.035,1537.5061,0
1648170060000,43931.3,43932.3,43910.2,43910.2,0.229,1648170119999,10057.5312,13,0.005,219.6102,0
1648170120000,43910.0,43912.8,43894.9,43902.9,1.079,1648170179999,47377.6891,31,0.540,23710.8388,0
1648170180000,43914.8,43935.3,43914.8,43935.3,0.123,1648170239999,5402.4034,4,0.100,4391.8915,0
1648170240000,43931.3,43934.3,43925.4,43934.3,0.164,1648170299999,7204.4317,14,0.062,2723.8455,0
1648170300000,43927.5,43957.5,43927.5,43953.0,1.100,1648170359999,48337.0771,23,0.836,36734.3321,0
1648170360000,43943.4,43968.9,43943.4,43967.8,0.344,1648170419999,15122.0318,23,0.296,13011.9248,0
1648170420000,43965.7,43993.6,43962.4,43968.0,3.545,1648170479999,155893.7251,63,2.164,95159.7808,0
1648170480000,43968.0,43970.0,43967.9,43970.0,2.233,1648170539999,98182.6127,24,2.160,94972.9260,0
1648170540000,43975.9,43977.9,43965.2,43965.2,0.197,1648170599999,8662.8203,10,0.004,175.8886,0
1648170600000,43970.0,43973.0,43969.2,43972.6,0.958,1648170659999,42123.3846,18,0.778,34208.6600,0
1648170660000,43976.2,43980.0,43976.2,43980.0,0.260,1648170719999,11434.6098,11,0.157,6904.6801,0
1648170720000,43990.5,44013.3,43981.6,43994.0,2.743,1648170779999,120688.5577,68,1.510,66443.7693,0
1648170780000,43996.2,43996.2,43975.2,43976.4,0.166,1648170839999,7301.9040,9,0.094,4134.6874,0
1648170840000,43980.5,43980.5,43969.2,43969.8,0.418,1648170899999,18379.1863,7,0.004,175.9220,0
1648170900000,43969.2,43975.3,43969.2,43969.2,0.953,1648170959999,41903.9025,29,0.259,11388.2851,0
1648170960000,43971.9,44001.8,43956.7,44001.8,2.690,1648171019999,118282.3088,19,0.146,6421.0039,0
1648171020000,44007.8,44013.9,43981.6,43982.7,1.192,1648171079999,52437.1411,29,0.147,6466.2636,0
1648171080000,43977.5,43997.6,43969.5,43997.6,0.434,1648171139999,19089.5328,13,0.172,7566.1681,0
1648171140000,43998.5,43998.5,43985.1,43994.3,0.535,1648171199999,23536.7728,11,0.005,219.9715,0
1648171200000,43994.2,44006.5,43983.4,44006.5,1.022,1648171259999,44962.8394,22,0.668,29389.9230,0
1648171260000,44006.5,44014.0,44001.5,44008.0,0.813,1648171319999,35778.7287,26,0.293,12895.6497,0
1648171320000,44006.0,44006.0,43991.5,43991.5,0.025,1648171379999,1099.8165,2,0.023,1011.8045,0
1648171380000,43992.1,43992.1,43980.2,43991.2,0.166,1648171439999,7301.3063,9,0.055,2419.4219,0
1648171440000,43986.5,44000.0,43979.4,43998.7,0.255,1648171499999,11218.4957,13,0.206,9063.4834,0
1648171500000,43976.6,43979.6,43975.7,43977.3,0.334,1648171559999,14688.5490,6,0.126,5541.4296,0
1648171560000,43977.3,43981.2,43977.3,43981.2,0.102,1648171619999,4486.0746,2,0.102,4486.0746,0
1648171620000,43978.4,43990.0,43965.7,43990.0,0.170,1648171679999,7477.2861,13,0.070,3078.5012,0
1648171680000,43988.6,44028.6,43988.6,44028.6,3.138,1648171739999,138115.7331,42,2.831,124604.2781,0
1648171740000,44020.4,44044.2,44011.7,44034.6,1.943,1648171799999,85551.4555,59,1.467,64595.2868,0
1648171800000,44034.8,44387.4,44034.8,44272.0,19.856,1648171859999,878009.3593,544,16.894,747047.7653,0
1648171860000,44271.8,44414.4,44210.0,44223.3,10.668,1648171919999,473016.6423,277,6.171,273798.0421,0
1648171920000,44209.9,44234.8,44155.9,44201.5,17.031,1648171979999,752766.4460,220,11.314,500137.5479,0
1648171980000,44203.5,44249.8,44174.9,44249.8,4.514,1648172039999,199507.3287,93,1.966,86897.8183,0
1648172040000,44199.9,44214.2,44077.7,44086.9,2.917,1648172099999,128724.4799,90,0.937,41334.2714,0
1648172100000,44068.6,44084.8,43979.0,44013.8,5.625,1648172159999,247613.9976,135,1.149,50580.4784,0
1648172160000,44029.0,44119.5,44022.1,44117.3,3.601,1648172219999,158828.6126,30,3.321,146494.1979,0
1648172220000,44108.8,44158.8,44094.9,44149.9,2.635,1648172279999,116322.8395,60,2.320,102421.6064,0
1648172280000,44149.9,44238.8,44149.9,44209.2,7.114,1648172339999,314305.4592,109,6.025,266199.0235,0
1648172340000,44200.0,44200.0,44144.6,44161.1,0.978,1648172399999,43191.4964,41,0.235,10379.8594,0
1648172400000,44164.0,44210.9,44160.2,44210.8,1.228,1648172459999,54247.6265,32,0.495,21865.0652,0
1648172460000,44208.2,44235.1,44201.4,44201.5,0.572,1648172519999,25289.2020,27,0.370,16358.8782,0
1648172520000,44201.7,44237.4,44201.6,44205.9,2.695,1648172579999,119164.0308,73,1.450,64119.7009,0
1648172580000,44201.4,44201.4,44161.4,44163.8,0.586,1648172639999,25891.7788,26,0.243,10735.9456,0
1648172640000,44175.5,44191.9,44140.2,44153.9,1.273,1648172699999,56222.9130,31,0.527,23284.4482,0
1648172700000,44151.3,44151.3,44047.5,44063.4,6.825,1648172759999,300893.4887,117,0.901,39728.3365,0
1648172760000,44047.6,44098.2,44047.3,44059.1,2.035,1648172819999,89680.1707,54,0.677,29831.7977,0
1648172820000,44061.3,44119.5,44036.6,44073.6,3.878,1648172879999,170938.3714,61,2.058,90771.9026,0
1648172880000,44084.2,44097.7,44072.7,44072.7,0.588,1648172939999,25924.1667,28,0.225,9920.9705,0
1648172940000,44063.2,44079.1,44060.4,44078.6,0.427,1648172999999,18815.7752,19,0.041,1807.1987,0
1648173000000,44070.9,44090.0,44070.3,44070.8,1.850,1648173059999,81540.4500,45,0.720,31738.4298,0
1648173060000,44075.9,44077.1,44021.2,44076.9,2.015,1648173119999,88739.3895,46,0.386,17008.1356,0
1648173120000,44080.5,44083.9,44068.2,44078.8,0.708,1648173179999,31203.2163,24,0.129,5686.4876,0
1648173180000,44078.7,44081.2,44070.9,44079.2,0.395,1648173239999,17410.8572,9,0.128,5642.0224,0
1648173240000,44094.0,44169.5,44094.0,44139.8,0.893,1648173299999,39392.4047,23,0.851,37538.5006,0
1648173300000,44141.2,44141.6,44102.5,44109.5,1.415,1648173359999,62442.1592,37,0.774,34153.9928,0
1648173360000,44112.4,44123.6,44079.2,44123.6,1.450,1648173419999,63957.3340,47,0.269,11862.8909,0
1648173420000,44142.2,44150.0,44130.8,44139.3,2.791,1648173479999,123197.0066,52,1.672,73801.6450,0
1648173480000,44132.1,44139.0,44105.8,44114.6,0.764,1648173539999,33709.4194,21,0.490,21622.0020,0
1648173540000,44109.5,44115.4,44080.8,44080.8,0.575,1648173599999,25358.1810,21,0.059,2602.5453,0
1648173600000,44079.2,44115.6,44076.0,44076.0,3.194,1648173659999,140848.2587,42,2.109,93019.7814,0
1648173660000,44080.7,44080.7,44020.6,44022.3,3.935,1648173719999,173281.9697,56,1.311,57733.6016,0
1648173720000,44026.5,44043.6,43989.7,44009.1,2.641,1648173779999,116231.1691,54,0.581,25576.0518,0
1648173780000,44028.2,44028.2,44003.5,44003.5,0.236,1648173839999,10387.3942,8,0.014,616.3064,0
1648173840000,44003.5,44003.5,43987.6,43987.6,0.164,1648173899999,7215.3906,15,0.051,2243.8351,0
1648173900000,43985.4,44004.8,43982.0,43991.9,3.075,1648173959999,135277.6133,53,1.595,70174.0840,0
1648173960000,43981.6,43983.4,43976.2,43976.2,0.197,1648174019999,8664.0619,13,0.066,2902.8780,0
1648174020000,43975.0,44035.4,43946.1,44003.4,3.564,1648174079999,156763.0061,64,2.039,89732.4481,0
1648174080000,44029.7,44029.7,44019.8,44019.8,0.131,1648174139999,5766.9020,5,0.042,1849.1398,0
1648174140000,44005.3,44019.8,44005.3,44019.8,0.253,1648174199999,11135.5301,3,0.221,9726.9835,0
1648174200000,44011.3,44017.2,43987.9,43994.0,0.557,1648174259999,24509.4325,23,0.256,11265.6484,0
1648174260000,43987.9,43994.6,43946.1,43956.2,3.061,1648174319999,134548.3853,31,0.184,8094.4211,0
1648174320000,43955.6,43959.5,43937.2,43959.4,0.552,1648174379999,24259.5223,19,0.236,10370.8844,0
1648174380000,43957.4,43960.0,43952.8,43960.0,3.042,1648174439999,133722.0861,57,2.875,126380.8968,0
1648174440000,43954.1,43962.1,43949.4,43962.1,0.397,1648174499999,17450.2109,6,0.397,17450.2109,0
1648174500000,43954.1,43954.1,43934.6,43950.2,0.085,1648174559999,3735.1318,9,0.028,1230.2720,0
1648174560000,43951.8,43953.7,43935.2,43941.9,1.441,1648174619999,63324.8212,35,0.991,43550.5036,0
1648174620000,43940.2,43940.4,43926.7,43926.7,0.717,1648174679999,31501.0806,15,0.148,6502.6958,0
1648174680000,43926.4,43947.8,43918.6,43947.8,0.946,1648174739999,41555.4407,23,0.191,8391.0678,0
1648174740000,43967.9,43972.5,43959.5,43959.5,0.539,1648174799999,23698.2862,9,0.413,18159.3004,0
1648174800000,43967.8,43981.4,43938.6,43950.0,1.523,1648174859999,66944.0613,34,0.661,29058.3073,0
1648174860000,43950.0,43950.0,43937.9,43942.3,0.054,1648174919999,2372.9131,6,0.002,87.8936,0
1648174920000,43949.5,43973.2,43949.5,43950.2,0.432,1648174979999,18991.0114,9,0.027,1187.1838,0
1648174980000,43954.8,43987.7,43954.8,43963.3,0.510,1648175039999,22423.4489,15,0.282,12398.2463,0
1648175040000,43957.5,43959.7,43925.9,43956.8,0.732,1648175099999,32167.5114,18,0.184,8087.9075,0
1648175100000,43957.5,43964.7,43950.6,43950.6,0.768,1648175159999,33759.6830,21,0.675,29672.0006,0
1648175160000,43949.5,43950.6,43931.3,43933.5,1.473,1648175219999,64723.1784,34,0.649,28521.7083,0
1648175220000,43935.9,43940.0,43919.1,43940.0,1.289,1648175279999,56621.3393,31,0.521,22889.2610,0
1648175280000,43954.2,44004.9,43954.2,43999.5,1.758,1648175339999,77308.0811,42,1.353,59489.6569,0
1648175340000,44000.0,44000.0,43974.2,43974.2,2.583,1648175399999,113647.6020,74,2.225,97896.6297,0
1648175400000,43977.9,43990.5,43900.0,43900.0,6.382,1648175459999,280384.7354,102,0.422,18534.1424,0
1648175460000,43900.0,43915.7,43890.2,43915.7,2.921,1648175519999,128236.1593,75,1.430,62776.3735,0
1648175520000,43910.7,43923.1,43901.6,43916.3,1.005,1648175579999,44130.4263,20,0.353,15500.3647,0
1648175580000,43922.4,43922.4,43900.0,43900.0,0.601,1648175639999,26387.9726,29,0.145,6367.2502,0
1648175640000,43900.3,43910.6,43885.6,43896.3,1.066,1648175699999,46795.9362,34,0.202,8867.3228,0
1648175700000,43896.2,43896.2,43869.8,43887.5,2.321,1648175759999,101845.3241,52,1.439,63146.0206,0
1648175760000,43880.0,43888.3,43880.0,43888.3,0.249,1648175819999,10926.9775,10,0.189,8294.0018,0
1648175820000,43888.4,43890.2,43871.8,43886.0,1.268,1648175879999,55643.6111,34,0.413,18121.4341,0
1648175880000,43887.3,43896.3,43877.1,43896.3,0.488,1648175939999,21418.3839,19,0.421,18477.6399,0
1648175940000,43903.9,43920.0,43883.2,43883.5,1.039,1648175999999,45610.1600,30,0.827,36304.2837,0
1648176000000,43881.3,43883.4,43877.0,43877.0,0.503,1648176059999,22072.5092,18,0.108,4739.1804,0
1648176060000,43870.0,43880.9,43862.2,43880.9,0.520,1648176119999,22812.7127,21,0.373,16363.7885,0
1648176120000,43880.2,43890.7,43879.8,43890.6,0.821,1648176179999,36027.0554,25,0.358,15710.2993,0
1648176180000,43880.7,43880.7,43870.0,43870.0,0.129,1648176239999,5659.7745,6,0.010,438.7910,0
1648176240000,43881.6,43882.4,43868.7,43877.9,0.794,1648176299999,34838.9504,22,0.197,8644.1731,0
1648176300000,43877.9,43892.0,43877.9,43883.4,0.760,1648176359999,33348.6436,13,0.757,33216.9940,0
1648176360000,43882.4,43886.1,43874.0,43886.1,0.505,1648176419999,22159.1544,10,0.176,7723.0588,0
1648176420000,43885.7,43885.7,43881.0,43881.0,2.335,1648176479999,102462.1514,20,0.052,2281.8264,0
1648176480000,43881.0,43883.9,43873.7,43873.7,2.548,1648176539999,111808.8659,49,0.102,4475.8268,0
1648176540000,43873.5,43876.3,43873.5,43876.3,0.128,1648176599999,5615.9584,4,0.100,4387.4900,0
1648176600000,43878.6,43885.7,43874.5,43875.9,0.269,1648176659999,11803.7378,12,0.159,6977.0593,0
1648176660000,43876.9,43897.3,43876.9,43881.2,0.556,1648176719999,24399.8970,20,0.315,13824.5687,0
1648176720000,43881.2,43896.0,43881.2,43889.5,1.614,1648176779999,70841.4751,24,1.498,65751.0123,0
1648176780000,43892.1,43910.6,43892.1,43910.6,0.877,1648176839999,38496.2818,20,0.877,38496.2818,0
1648176840000,43909.7,43915.0,43898.0,43915.0,0.720,1648176899999,31614.1816,21,0.579,25424.5466,0
1648176900000,43907.1,43914.0,43905.1,43905.1,0.075,1648176959999,3292.9860,7,0.061,2678.3074,0
1648176960000,43912.4,43915.0,43912.4,43914.2,4.132,1648177019999,181456.6428,24,4.105,180270.9538,0
1648177020000,43912.2,43916.6,43891.2,43916.6,1.972,1648177079999,86591.3282,28,1.913,84000.6120,0
1648177080000,43901.7,43915.0,43900.9,43913.4,0.515,1648177139999,22613.9546,11,0.420,18443.2739,0
1648177140000,43915.0,43928.9,43915.0,43928.9,0.497,1648177199999,21827.4183,9,0.497,21827.4183,0
1648177200000,43914.1,43914.1,43887.8,43887.8,0.382,1648177259999,16768.7238,14,0.081,3556.5783,0
1648177260000,43892.8,43897.3,43892.8,43897.3,0.103,1648177319999,4521.3567,9,0.048,2107.0547,0
1648177320000,43897.3,43897.3,43876.1,43876.1,1.396,1648177379999,61253.8217,5,1.227,53835.9747,0
1648177380000,43879.7,43879.7,43876.3,43876.4,0.162,1648177439999,7108.0879,4,0.127,5572.3004,0
1648177440000,43878.6,43900.0,43878.6,43898.7,0.123,1648177499999,5398.3242,10,0.082,3598.8504,0
1648177500000,43900.0,43915.1,43900.0,43914.4,0.285,1648177559999,12514.8683,11,0.111,4873.7767,0
1648177560000,43906.9,43914.5,43906.8,43914.5,0.305,1648177619999,13391.6576,9,0.041,1800.2173,0
1648177620000,43905.8,43905.8,43885.3,43896.8,0.349,1648177679999,15317.4560,14,0.006,263.4147,0
1648177680000,43886.1,43887.5,43873.6,43879.8,0.625,1648177739999,27425.1837,17,0.304,13340.4889,0
1648177740000,43886.2,43886.2,43873.5,43874.8,0.471,1648177799999,20668.4184,20,0.409,17948.2515,0
1648177800000,43875.7,43875.7,43868.7,43873.0,1.680,1648177859999,73700.8966,14,0.150,6580.8435,0
1648177860000,43870.6,43888.6,43868.8,43882.1,0.360,1648177919999,15794.2850,12,0.144,6318.1767,0
1648177920000,43883.3,43898.7,43879.8,43879.8,0.190,1648177979999,8338.1505,10,0.041,1799.4383,0
1648177980000,43887.4,43898.4,43886.5,43898.4,0.479,1648178039999,21022.8252,14,0.140,6145.1578,0
1648178040000,43899.4,43913.3,43893.2,43897.5,1.600,1648178099999,70247.8090,24,1.552,68140.9354,0
1648178100000,43914.1,43914.4,43913.5,43913.5,0.215,1648178159999,9441.4619,7,0.215,9441.4619,0
1648178160000,43912.0,43912.0,43912.0,43912.0,0.002,1648178219999,87.8240,1,0.000,0.0000,0
1648178220000,43911.9,43918.2,43878.6,43878.6,0.524,1648178279999,23000.7469,12,0.304,13341.3849,0
1648178280000,43885.2,43886.7,43874.8,43877.1,0.093,1648178339999,4080.8841,8,0.045,1974.6095,0
1648178340000,43868.7,43876.4,43850.0,43859.9,6.149,1648178399999,269737.7045,69,1.448,63510.2336,0
1648178400000,43861.1,43861.1,43852.7,43852.7,0.180,1648178459999,7894.2452,3,0.050,2193.0550,0
1648178460000,43852.6,43864.8,43852.6,43859.1,0.785,1648178519999,34431.1086,16,0.612,26843.3124,0
1648178520000,43868.6,43900.0,43868.6,43892.2,1.182,1648178579999,51878.0660,53,1.073,47094.9406,0
1648178580000,43896.7,43896.7,43870.1,43871.9,0.586,1648178639999,25709.0414,14,0.013,570.4376,0
1648178640000,43866.3,43900.0,43866.3,43888.7,0.748,1648178699999,32830.5908,17,0.628,27563.9556,0
1648178700000,43876.3,43900.0,43876.3,43899.9,0.603,1648178759999,26470.2906,20,0.532,23354.3767,0
1648178760000,43894.0,43900.0,43882.8,43900.0,0.215,1648178819999,9435.8642,10,0.059,2590.0345,0
1648178820000,43897.0,43900.0,43872.6,43899.5,0.951,1648178879999,41737.2208,28,0.467,20496.1530,0
1648178880000,43900.0,43927.7,43898.9,43924.3,1.167,1648178939999,51243.3250,25,1.041,45708.9040,0
1648178940000,43912.7,43926.1,43912.7,43918.4,0.113,1648178999999,4962.4469,3,0.063,2766.5269,0
1648179000000,43927.7,43933.9,43907.0,43920.6,1.099,1648179059999,48278.2112,17,1.034,45423.5862,0
1648179060000,43910.3,43910.3,43898.2,43898.2,0.031,1648179119999,1360.8880,5,0.003,131.7303,0
1648179120000,43887.5,43892.9,43887.3,43892.9,0.111,1648179179999,4871.5478,9,0.067,2940.4978,0
1648179180000,43891.5,43913.4,43891.5,43913.4,0.224,1648179239999,9834.8165,9,0.130,5708.2353,0
1648179240000,43913.5,43920.1,43899.8,43910.0,0.282,1648179299999,12384.2995,9,0.222,9750.0259,0
1648179300000,43918.3,43920.5,43917.4,43918.5,0.262,1648179359999,11506.5045,5,0.124,5445.8868,0
1648179360000,43923.5,43932.8,43914.1,43920.7,0.826,1648179419999,36278.7492,32,0.459,20160.3894,0
1648179420000,43917.5,43920.7,43917.5,43920.7,0.024,1648179479999,1054.0464,4,0.024,1054.0464,0
1648179480000,43922.9,43952.7,43920.8,43951.9,0.840,1648179539999,36904.2695,27,0.723,31764.6014,0
1648179540000,43953.5,43954.8,43929.9,43954.5,0.106,1648179599999,4658.0461,20,0.062,2724.8759,0
1648179600000,43951.0,43951.0,43913.0,43922.2,0.224,1648179659999,9840.7061,14,0.026,1141.7966,0
1648179660000,43922.2,43934.1,43922.2,43932.6,0.069,1648179719999,3031.2800,14,0.031,1361.7842,0
1648179720000,43931.8,43938.7,43922.6,43938.7,0.319,1648179779999,14016.0906,17,0.310,13620.7350,0
1648179780000,43944.7,43944.7,43920.0,43920.0,0.143,1648179839999,6283.1011,7,0.011,483.3917,0
1648179840000,43925.7,43934.6,43918.8,43926.5,0.367,1648179899999,16120.4022,14,0.346,15197.9631,0
1648179900000,43932.6,43934.4,43917.5,43934.4,0.090,1648179959999,3953.2371,10,0.014,614.9440,0
1648179960000,43944.6,43944.8,43921.0,43927.6,0.321,1648180019999,14100.5980,15,0.091,3998.2592,0
1648180020000,43927.7,43927.8,43924.8,43927.8,0.020,1648180079999,878.5516,4,0.019,834.6268,0
1648180080000,43936.6,43955.9,43906.4,43906.4,5.259,1648180139999,231148.5613,39,5.025,220867.5006,0
1648180140000,43906.7,43907.7,43888.9,43890.0,0.143,1648180199999,6276.6471,5,0.057,2502.0052,0
1648180200000,43896.6,43906.8,43896.2,43906.6,0.760,1648180259999,33366.9206,24,0.656,28801.2462,0
1648180260000,43903.0,43911.9,43900.0,43902.6,0.270,1648180319999,11855.3640,16,0.231,10143.1860,0
1648180320000,43902.6,43912.9,43901.0,43907.2,0.123,1648180379999,5400.2348,8,0.099,4346.6108,0
1648180380000,43895.3,43902.5,43890.9,43902.5,0.017,1648180439999,746.2807,8,0.013,570.7083,0
1648180440000,43902.6,43902.6,43895.6,43895.6,0.021,1648180499999,921.8959,4,0.012,526.7752,0
1648180500000,43893.4,43895.5,43893.4,43895.5,0.034,1648180559999,1492.3806,3,0.010,438.9390,0
1648180560000,43895.6,43907.0,43895.6,43907.0,0.817,1648180619999,35868.4990,14,0.817,35868.4990,0
1648180620000,43898.2,43898.2,43897.4,43897.4,0.002,1648180679999,87.7956,2,0.000,0.0000,0
1648180680000,43902.9,43910.0,43900.3,43900.5,0.282,1648180739999,12382.1718,38,0.266,11679.6902,0
1648180740000,43900.4,43925.4,43900.1,43923.5,1.385,1648180799999,60818.9146,63,1.239,54407.6428,0
1648180800000,43916.4,43916.5,43909.2,43915.1,0.299,1648180859999,13130.0006,19,0.101,4435.1025,0
1648180860000,43907.8,43907.8,43900.1,43900.1,0.101,1648180919999,4434.6416,4,0.064,2810.0530,0
1648180920000,43907.5,43911.7,43893.6,43904.0,1.059,1648180979999,46491.1775,24,0.430,18880.0270,0
1648180980000,43911.1,43926.6,43906.3,43926.6,0.147,1648181039999,6454.5731,10,0.020,878.3597,0
1648181040000,43916.9,43922.2,43915.7,43922.2,0.631,1648181099999,27711.5007,18,0.463,20333.4488,0
1648181100000,43924.5,43926.8,43922.4,43922.6,0.067,1648181159999,2942.9764,7,0.003,131.7804,0
1648181160000,43926.8,43945.6,43926.8,43932.1,0.357,1648181219999,15684.8554,19,0.227,9973.8594,0
1648181220000,43930.4,43942.6,43926.8,43926.8,0.413,1648181279999,18147.0316,13,0.037,1625.5834,0
1648181280000,43922.4,43942.9,43917.0,43934.2,1.920,1648181339999,84354.2799,32,1.858,81630.7939,0
1648181340000,43925.8,43936.9,43925.7,43936.9,0.202,1648181399999,8874.3389,6,0.172,7556.5431,0
1648181400000,43933.5,43935.8,43923.5,43923.5,1.411,1648181459999,61988.4574,8,0.087,3821.3568,0
1648181460000,43913.5,43918.9,43911.1,43915.6,0.264,1648181519999,11592.7192,10,0.093,4083.8266,0
1648181520000,43906.9,43909.1,43906.9,43909.1,0.066,1648181579999,2897.8664,2,0.000,0.0000,0
1648181580000,43915.0,43924.1,43908.8,43924.1,0.297,1648181639999,13042.1914,15,0.069,3030.2883,0
1648181640000,43919.9,43927.2,43916.2,43916.2,0.215,1648181699999,9443.5011,8,0.150,6588.8936,0
1648181700000,43916.2,43916.2,43916.2,43916.2,0.000,1648181759999,0.0000,0,0.000,0.0000,0
1648181760000,43903.0,43903.0,43895.0,43900.8,0.131,1648181819999,5750.4239,5,0.014,614.6265,0
1648181820000,43896.1,43899.0,43893.5,43897.2,2.205,1648181879999,96787.3131,45,0.511,22431.3578,0
1648181880000,43893.5,43894.3,43880.0,43887.1,1.330,1648181939999,58375.1655,40,0.122,5354.2262,0
1648181940000,43887.2,43905.2,43887.2,43893.2,0.256,1648181999999,11237.3531,9,0.004,175.5748,0
1648182000000,43898.8,43912.8,43898.8,43905.0,0.220,1648182059999,9658.9099,7,0.220,9658.9099,0
1648182060000,43913.1,43913.1,43896.2,43901.2,0.561,1648182119999,24626.9728,9,0.317,13916.2781,0
1648182120000,43912.4,43912.5,43891.0,43912.5,0.134,1648182179999,5883.0816,11,0.134,5883.0816,0
1648182180000,43913.1,43936.0,43913.1,43936.0,0.628,1648182239999,27588.6314,19,0.573,25172.2930,0
1648182240000,43936.0,43988.1,43936.0,43977.2,1.641,1648182299999,72144.9710,42,1.444,63480.8719,0
1648182300000,43971.4,43998.4,43971.4,43980.7,0.751,1648182359999,33035.6342,29,0.740,32551.7961,0
1648182360000,43991.5,43992.0,43977.8,43977.9,0.525,1648182419999,23093.9859,19,0.369,16232.0199,0
1648182420000,43963.4,43978.6,43963.4,43978.6,0.402,1648182479999,17675.5721,15,0.303,13322.4766,0
1648182480000,43983.4,44007.2,43983.4,44000.0,0.763,1648182539999,33572.6351,33,0.560,24640.6682,0
1648182540000,44000.0,44002.2,43985.5,44002.2,0.333,1648182599999,14650.1492,10,0.238,10470.1492,0
1648182600000,43996.7,43996.7,43934.0,43962.6,5.374,1648182659999,236214.5875,56,0.011,483.6180,0
1648182660000,43960.1,43978.5,43959.4,43970.5,2.986,1648182719999,131288.0622,48,0.367,16137.5979,0
1648182720000,43968.7,43976.5,43962.5,43962.5,0.775,1648182779999,34079.1699,15,0.744,32716.2684,0
1648182780000,43964.3,43966.6,43954.1,43966.6,0.462,1648182839999,20308.7788,26,0.447,19649.4661,0
1648182840000,43946.8,43947.9,43938.6,43946.2,0.811,1648182899999,35639.0464,27,0.571,25092.9774,0
1648182900000,43936.9,43947.6,43931.1,43931.1,0.613,1648182959999,26935.2611,33,0.343,15072.3460,0
1648182960000,43932.6,43955.2,43928.7,43955.2,0.872,1648183019999,38315.1043,29,0.682,29967.5173,0
1648183020000,43955.2,43958.0,43939.1,43939.1,0.253,1648183079999,11120.2559,15,0.020,878.9051,0
1648183080000,43935.7,43952.6,43920.6,43952.6,1.545,1648183139999,67879.3626,47,1.324,58171.1781,0
1648183140000,43945.8,43970.1,43945.8,43970.1,0.611,1648183199999,26860.7678,27,0.500,21982.5375,0
1648183200000,43965.7,43991.6,43965.7,43991.6,0.807,1648183259999,35486.9428,16,0.698,30694.5471,0
1648183260000,43980.8,43995.0,43934.7,43995.0,4.433,1648183319999,194864.8254,47,1.401,61606.1482,0
1648183320000,43991.2,43992.8,43971.2,43971.2,0.840,1648183379999,36949.5906,42,0.818,35982.0306,0
1648183380000,43968.5,43972.6,43959.4,43959.4,0.218,1648183439999,9584.2872,8,0.088,3869.5272,0
1648183440000,43952.7,43964.9,43952.7,43953.1,0.220,1648183499999,9670.0609,8,0.015,659.4658,0
1648183500000,43957.4,43957.4,43936.1,43945.4,0.125,1648183559999,5492.3418,5,0.024,1054.7957,0
1648183560000,43954.3,43956.7,43951.7,43955.7,0.764,1648183619999,33581.2891,29,0.743,32658.3034,0
1648183620000,43948.6,43948.6,43941.1,43941.1,0.044,1648183679999,1933.5400,11,0.003,131.8299,0
1648183680000,43939.9,43968.1,43936.2,43964.2,0.443,1648183739999,19474.4122,13,0.405,17804.8340,0
1648183740000,43963.2,43980.3,43961.6,43972.6,0.712,1648183799999,31308.9268,17,0.712,31308.9268,0
1648183800000,43976.3,43976.6,43973.1,43976.6,0.806,1648183859999,35445.1057,31,0.775,34081.8641,0
1648183860000,43976.6,44007.2,43976.6,44007.2,2.492,1648183919999,109634.7414,42,2.356,103652.4404,0
1648183920000,44004.2,44007.7,43980.8,43980.8,0.515,1648183979999,22662.9812,11,0.425,18702.7287,0
1648183980000,43976.3,43976.3,43960.0,43963.7,0.292,1648184039999,12837.4184,13,0.022,967.1368,0
1648184040000,43966.4,43966.4,43956.5,43956.5,0.013,1648184099999,571.5137,2,0.008,351.7312,0
1648184100000,43958.8,43997.1,43958.8,43997.1,0.424,1648184159999,18648.2535,11,0.390,17153.3862,0
1648184160000,44004.0,44009.9,44004.0,44008.7,0.078,1648184219999,3432.5774,5,0.078,3432.5774,0
1648184220000,44003.6,44022.6,44003.6,44022.3,1.064,1648184279999,46833.3033,24,0.634,27904.0810,0
1648184280000,44021.0,44058.5,44018.3,44046.5,3.213,1648184339999,141516.0901,67,2.944,129671.1372,0
1648184340000,44047.2,44059.6,44038.1,44050.0,0.594,1648184399999,26164.7522,23,0.381,16783.5540,0
1648184400000,44060.4,44060.4,44015.5,44015.5,0.633,1648184459999,27878.9377,22,0.040,1761.6318,0
1648184460000,44010.3,44038.0,44010.2,44018.2,1.859,1648184519999,81831.5928,34,1.057,46533.2118,0
1648184520000,44016.7,44024.6,44009.3,44009.3,0.159,1648184579999,6998.0738,8,0.033,1452.6792,0
1648184580000,44010.1,44010.1,44000.9,44000.9,1.213,1648184639999,53374.1682,12,0.000,0.0000,0
1648184640000,44009.3,44031.3,44005.2,44019.7,0.755,1648184699999,33236.6711,17,0.606,26678.7037,0
1648184700000,44019.7,44019.9,43998.2,43998.2,0.259,1648184759999,11398.1658,9,0.024,1056.4728,0
1648184760000,43995.5,43996.2,43989.5,43995.0,0.400,1648184819999,17596.8926,19,0.353,15529.2996,0
1648184820000,43991.8,44028.1,43991.8,44028.1,0.547,1648184879999,24074.2440,15,0.540,23766.2914,0
1648184880000,44023.6,44048.1,44023.6,44039.0,1.039,1648184939999,45753.1547,24,0.662,29150.9913,0
1648184940000,44037.7,44041.4,44003.0,44010.2,0.907,1648184999999,39919.5330,20,0.075,3300.4816,0
1648185000000,44002.0,44018.5,43988.9,44008.4,0.696,1648185059999,30623.3563,25,0.075,3300.1521,0
1648185060000,44005.6,44020.1,43989.5,44019.9,1.243,1648185119999,54696.1996,28,1.021,44927.0907,0
1648185120000,44021.4,44022.1,44011.7,44020.9,0.503,1648185179999,22140.8003,16,0.399,17563.5021,0
1648185180000,44011.0,44042.5,44011.0,44042.5,0.100,1648185239999,4402.2195,7,0.051,2245.2011,0
1648185240000,44027.5,44076.9,44027.5,44053.8,1.690,1648185299999,74458.2769,42,1.434,63178.8900,0
1648185300000,44064.4,44064.4,44035.6,44049.5,0.328,1648185359999,14446.9455,14,0.001,44.0495,0
1648185360000,44040.6,44045.1,44030.2,44044.0,1.977,1648185419999,87068.9566,48,1.874,82533.8115,0
1648185420000,44041.9,44046.3,44026.4,44028.9,0.541,1648185479999,23821.9986,26,0.210,9248.5865,0
1648185480000,44026.1,44026.1,44014.0,44018.4,0.447,1648185539999,19676.0322,21,0.432,19015.7262,0
1648185540000,44024.9,44027.4,44003.8,44015.0,0.676,1648185599999,29755.5117,31,0.650,28611.1412,0
1648185600000,44018.8,44018.8,43989.0,43989.0,0.605,1648185659999,26624.8726,19,0.224,9857.0145,0
1648185660000,43990.4,44025.1,43990.4,44001.3,0.850,1648185719999,37407.0317,25,0.551,24250.7444,0
1648185720000,44007.4,44017.6,43999.1,44009.0,0.447,1648185779999,19671.6003,17,0.446,19627.5985,0
1648185780000,44009.1,44018.0,44008.0,44010.5,0.559,1648185839999,24602.4869,21,0.219,9639.0460,0
1648185840000,44017.7,44017.7,43982.7,43982.7,0.924,1648185899999,40656.7827,40,0.125,5501.7206,0
1648185900000,43993.4,44013.1,43987.0,43987.0,0.331,1648185959999,14563.4188,11,0.265,11659.6855,0
1648185960000,43991.0,44025.5,43991.0,44013.8,1.053,1648186019999,46348.7423,31,0.793,34905.3144,0
1648186020000,44011.7,44019.8,43995.7,43995.7,1.397,1648186079999,61488.1409,45,1.146,50444.0301,0
1648186080000,43995.8,44014.3,43995.7,44005.1,1.782,1648186139999,78410.3209,53,0.600,26404.6154,0
1648186140000,44005.1,44005.1,44005.1,44005.1,0.000,1648186199999,0.0000,0,0.000,0.0000,0
1648186200000,44009.4,44009.4,44008.3,44009.2,0.284,1648186259999,12498.5360,7,0.000,0.0000,0
1648186260000,43995.7,44001.1,43990.0,43993.5,1.496,1648186319999,65817.2301,45,1.214,53410.6073,0
1648186320000,43982.7,43997.8,43975.6,43991.2,2.071,1648186379999,91103.1459,39,1.179,51870.6128,0
1648186380000,43993.6,44012.3,43993.6,44011.1,0.443,1648186439999,19491.7620,14,0.435,19139.7390,0
1648186440000,44010.1,44012.5,43991.6,44012.5,2.017,1648186499999,88761.3067,54,1.889,83130.2771,0
1648186500000,44013.2,44019.8,44013.2,44015.0,0.045,1648186559999,1980.7480,7,0.006,264.1155,0
1648186560000,44015.0,44015.0,43997.6,44010.3,0.303,1648186619999,13333.8928,7,0.197,8669.8434,0
1648186620000,44008.2,44036.8,44008.2,44029.5,0.505,1648186679999,22234.8814,18,0.421,18536.7149,0
1648186680000,44028.8,44065.8,44028.7,44058.0,2.226,1648186739999,98056.1859,74,1.982,87307.5871,0
1648186740000,44057.0,44064.8,44009.0,44045.3,5.989,1648186799999,263753.2774,110,1.765,77761.0377,0
1648186800000,44042.1,44046.2,44016.5,44032.1,2.503,1648186859999,110210.1084,61,1.124,49499.7237,0
1648186860000,44032.8,44059.3,44027.0,44058.3,1.170,1648186919999,51536.2590,43,1.109,48849.5386,0
1648186920000,44058.6,44063.7,44047.9,44061.5,1.223,1648186979999,53885.4315,36,1.221,53797.3357,0
1648186980000,44056.0,44059.4,44034.5,44053.3,2.496,1648187039999,109955.7904,65,1.920,84586.8568,0
1648187040000,44053.3,44055.5,44047.4,44055.2,1.648,1648187099999,72600.5611,47,1.376,60618.6771,0
1648187100000,44039.9,44049.1,44028.8,44030.0,0.911,1648187159999,40122.3096,32,0.911,40122.3096,0
1648187160000,44037.3,44061.3,44033.0,44060.0,1.132,1648187219999,49859.1983,37,0.452,19913.7006,0
1648187220000,44060.1,44093.2,44060.1,44082.3,1.276,1648187279999,56240.9185,42,1.199,52847.8549,0
1648187280000,44075.1,44084.0,44055.8,44083.9,1.522,1648187339999,67085.7006,46,0.976,43022.3544,0
1648187340000,44085.0,44097.9,44055.6,44085.7,2.424,1648187399999,106851.5750,59,1.333,58765.5608,0
1648187400000,44085.3,44098.3,44085.3,44093.3,0.349,1648187459999,15388.8281,29,0.349,15388.8281,0
1648187460000,44090.7,44090.8,44084.6,44085.3,0.247,1648187519999,10889.7707,7,0.245,10801.6015,0
1648187520000,44080.0,44090.4,44080.0,44087.9,0.745,1648187579999,32843.1797,26,0.691,30462.8472,0
1648187580000,44086.9,44087.0,44067.9,44067.9,0.335,1648187639999,14764.9757,10,0.281,12384.3415,0
1648187640000,44078.3,44091.2,44065.0,44079.4,1.053,1648187699999,46411.7376,33,0.818,36056.3047,0
1648187700000,44071.2,44081.4,44062.2,44074.1,0.960,1648187759999,42308.8803,21,0.651,28691.6797,0
1648187760000,44068.9,44073.2,44047.8,44070.4,1.376,1648187819999,60628.9209,38,0.363,15994.8062,0
1648187820000,44062.9,44072.7,44062.3,44072.7,0.197,1648187879999,8681.1883,8,0.058,2556.2166,0
1648187880000,44069.5,44081.8,44069.5,44081.8,0.035,1648187939999,1542.5982,4,0.035,1542.5982,0
1648187940000,44074.0,44074.5,44051.7,44062.5,0.397,1648187999999,17491.9291,15,0.094,4142.7704,0
1648188000000,44061.0,44082.6,44061.0,44075.2,0.620,1648188059999,27327.3357,18,0.605,26666.1957,0
1648188060000,44079.0,44084.3,44078.6,44078.6,0.115,1648188119999,5069.2564,11,0.088,3879.1297,0
1648188120000,44084.4,44088.2,44083.3,44088.2,0.547,1648188179999,24114.2762,11,0.547,24114.2762,0
1648188180000,44083.5,44083.5,44077.1,44077.1,0.120,1648188239999,5289.8163,7,0.002,88.1542,0
1648188240000,44072.2,44072.2,44065.3,44067.0,0.590,1648188299999,26000.0722,22,0.481,21196.4386,0
1648188300000,44068.5,44094.1,44068.5,44094.1,0.654,1648188359999,28829.2071,22,0.607,26757.4066,0
1648188360000,44093.4,44110.0,44093.4,44106.1,0.512,1648188419999,22579.9826,26,0.439,19360.3162,0
1648188420000,44107.5,44133.0,44107.5,44132.9,0.935,1648188479999,41253.9159,36,0.771,34017.3889,0
1648188480000,44134.9,44153.3,44108.9,44113.2,3.153,1648188539999,139153.5777,69,2.890,127547.8904,0
1648188540000,44103.5,44168.2,44103.5,44168.2,6.208,1648188599999,273982.7636,128,5.458,240884.7338,0
1648188600000,44168.1,44175.6,44142.3,44152.8,1.386,1648188659999,61204.3811,57,1.004,44338.6354,0
1648188660000,44156.8,44166.3,44153.6,44161.2,0.316,1648188719999,13954.5815,13,0.251,11084.4688,0
1648188720000,44153.6,44153.6,44125.0,44126.8,1.146,1648188779999,50576.5395,37,0.496,21891.5684,0
1648188780000,44121.7,44130.6,44116.3,44129.4,0.980,1648188839999,43242.5753,37,0.759,33492.6187,0
1648188840000,44120.9,44141.3,44115.5,44126.9,0.816,1648188899999,36011.4146,20,0.435,19195.8623,0
1648188900000,44126.9,44133.0,44126.7,44130.2,2.072,1648188959999,91437.0458,32,1.101,48589.8542,0
1648188960000,44130.2,44147.8,44130.1,44146.0,2.144,1648189019999,94629.1192,67,2.141,94496.7153,0
1648189020000,44145.7,44145.7,44103.7,44114.1,2.612,1648189079999,115232.2005,50,0.352,15537.0002,0
1648189080000,44105.2,44125.3,44099.7,44112.6,2.518,1648189139999,111081.5463,68,1.702,75085.2744,0
1648189140000,44112.3,44120.9,44100.0,44113.0,2.200,1648189199999,97041.5677,62,1.340,59107.9731,0
1648189200000,44120.0,44138.6,44100.0,44138.6,3.158,1648189259999,139322.0479,63,2.179,96139.7664,0
1648189260000,44132.2,44189.9,44131.9,44170.7,4.772,1648189319999,210698.5522,119,4.573,201912.7797,0
1648189320000,44170.0,44170.0,44145.2,44167.5,1.679,1648189379999,74141.6952,50,1.271,56129.0598,0
1648189380000,44167.2,44170.1,44148.1,44149.5,1.575,1648189439999,69551.6864,48,0.948,41866.1463,0
1648189440000,44148.1,44168.0,44148.1,44157.2,1.142,1648189499999,50431.5889,44,1.078,47605.8052,0
1648189500000,44153.1,44164.6,44150.9,44150.9,0.809,1648189559999,35724.2418,23,0.563,24861.7959,0
1648189560000,44156.8,44157.1,44148.3,44157.1,2.099,1648189619999,92683.9737,71,2.076,91668.5546,0
1648189620000,44149.9,44157.1,44143.4,44157.1,0.602,1648189679999,26576.2162,17,0.170,7505.8113,0
1648189680000,44156.9,44157.1,44145.8,44151.6,1.269,1648189739999,56033.7101,36,1.214,53605.3327,0
1648189740000,44156.8,44157.1,44141.6,44150.9,1.328,1648189799999,58633.4421,30,1.259,55587.1934,0
1648189800000,44151.0,44157.1,44147.1,44157.1,1.387,1648189859999,61237.7197,31,1.372,60575.5132,0
1648189860000,44151.0,44151.0,44126.4,44126.4,0.673,1648189919999,29706.3828,29,0.170,7505.2790,0
1648189920000,44138.7,44143.0,44105.5,44105.5,3.048,1648189979999,134495.7790,92,1.839,81155.5582,0
1648189980000,44107.0,44143.0,44103.4,44139.9,1.000,1648190039999,44129.4255,35,0.904,39891.8931,0
1648190040000,44143.0,44186.5,44143.0,44182.2,3.080,1648190099999,135997.5702,66,3.070,135556.0312,0
1648190100000,44172.6,44172.6,44149.0,44154.4,0.396,1648190159999,17486.9767,16,0.253,11172.0483,0
1648190160000,44154.4,44159.9,44154.3,44157.7,0.623,1648190219999,27509.3605,34,0.616,27200.2664,0
1648190220000,44148.9,44148.9,44128.1,44133.3,0.485,1648190279999,21405.4978,22,0.417,18403.8705,0
1648190280000,44124.2,44133.4,44124.0,44133.4,0.064,1648190339999,2824.2041,6,0.032,1412.2313,0
1648190340000,44134.2,44140.9,44125.9,44125.9,1.862,1648190399999,82175.8928,43,1.105,48770.4751,0
1648190400000,44124.1,44124.1,44116.2,44118.6,0.127,1648190459999,5603.1308,6,0.108,4764.8528,0
1648190460000,44118.6,44119.0,44086.2,44101.6,0.642,1648190519999,28310.3380,55,0.450,19843.2748,0
1648190520000,44094.8,44103.1,44092.2,44103.1,0.120,1648190579999,5292.1025,12,0.108,4762.9840,0
1648190580000,44094.5,44094.5,44058.4,44075.4,0.694,1648190639999,30587.0984,26,0.427,18817.8237,0
1648190640000,44066.6,44068.2,44066.5,44066.6,0.550,1648190699999,24236.6674,14,0.540,23796.0024,0
1648190700000,44066.5,44066.5,44025.4,44026.5,0.216,1648190759999,9511.7926,17,0.091,4006.9535,0
1648190760000,44019.9,44038.1,44016.4,44026.0,1.989,1648190819999,87572.0703,23,1.937,85283.0696,0
1648190820000,44025.9,44025.9,44004.8,44005.0,0.541,1648190879999,23808.8042,26,0.024,1056.1752,0
1648190880000,44015.5,44020.0,43966.2,43992.7,2.461,1648190939999,108270.8960,79,0.750,32999.5762,0
1648190940000,43998.9,44016.9,43998.9,44013.1,0.436,1648190999999,19188.9010,17,0.383,16856.5635,0
1648191000000,44016.6,44016.8,44002.5,44009.1,0.417,1648191059999,18351.3768,16,0.103,4533.3162,0
1648191060000,43999.1,43999.1,43976.0,43979.7,2.363,1648191119999,103937.1674,39,0.793,34881.9538,0
1648191120000,43993.6,43993.7,43982.3,43985.3,2.628,1648191179999,115593.8313,34,1.826,80317.2769,0
1648191180000,43996.7,44023.0,43990.6,44022.8,0.968,1648191239999,42596.0125,26,0.636,27988.7197,0
1648191240000,44019.2,44023.1,44015.3,44015.3,0.577,1648191299999,25399.8639,13,0.424,18665.1387,0
1648191300000,44019.7,44039.7,44019.7,44031.2,3.055,1648191359999,134492.2322,28,3.048,134184.0138,0
1648191360000,44039.9,44040.0,44039.9,44039.9,0.227,1648191419999,9997.0578,11,0.013,572.5192,0
1648191420000,44039.9,44048.2,44039.9,44048.2,0.170,1648191479999,7487.6444,6,0.120,5285.6494,0
1648191480000,44047.0,44056.9,44047.0,44050.9,1.053,1648191539999,46385.4525,22,0.953,41980.5330,0
1648191540000,44048.6,44059.3,44048.6,44050.2,2.289,1648191599999,100832.3429,25,2.070,91184.7905,0
1648191600000,44062.2,44062.7,44054.8,44058.6,0.334,1648191659999,14715.7686,14,0.330,14539.5380,0
1648191660000,44056.4,44056.4,44037.4,44040.6,0.793,1648191719999,34932.4589,20,0.036,1585.7834,0
1648191720000,44047.2,44078.0,44047.2,44074.8,0.614,1648191779999,27060.9182,20,0.152,6699.2914,0
1648191780000,44075.0,44075.0,44068.0,44068.1,0.887,1648191839999,39090.7974,16,0.245,10798.3750,0
1648191840000,44075.0,44075.0,44068.2,44075.0,2.803,1648191899999,123542.0236,57,1.333,58751.9206,0
1648191900000,44075.0,44091.4,44067.5,44085.7,1.993,1648191959999,87839.7608,42,1.376,60648.4918,0
1648191960000,44085.7,44085.7,44072.5,44077.0,0.376,1648192019999,16572.4587,8,0.011,484.8470,0
1648192020000,44071.2,44071.2,44062.7,44065.8,0.134,1648192079999,5904.8343,8,0.014,616.9800,0
1648192080000,44062.5,44074.1,44059.8,44074.1,0.744,1648192139999,32786.3597,32,0.651,28688.1867,0
1648192140000,44076.5,44076.5,44069.0,44069.0,0.058,1648192199999,2556.0235,6,0.000,0.0000,0
1648192200000,44068.9,44083.3,44050.0,44081.5,1.910,1648192259999,84162.4026,38,0.999,44025.7338,0
1648192260000,44083.4,44105.5,44083.4,44090.6,1.120,1648192319999,49381.6067,31,0.634,27951.5595,0
1648192320000,44100.1,44130.4,44100.1,44121.6,0.320,1648192379999,14118.9898,16,0.112,4941.9393,0
1648192380000,44119.5,44126.7,44106.4,44107.1,0.427,1648192439999,18834.4509,17,0.043,1897.0185,0
1648192440000,44107.2,44115.9,44101.2,44114.4,0.334,1648192499999,14732.8869,13,0.177,7808.1487,0
1648192500000,44115.1,44141.1,44105.2,44136.1,0.916,1648192559999,40420.8279,32,0.590,26036.0413,0
1648192560000,44142.3,44148.5,44119.0,44131.5,1.301,1648192619999,57414.6639,33,0.317,13989.7390,0
1648192620000,44131.5,44141.4,44131.5,44141.4,0.494,1648192679999,21805.1179,7,0.494,21805.1179,0
1648192680000,44132.9,44132.9,44132.9,44132.9,0.111,1648192739999,4898.7519,2,0.111,4898.7519,0
1648192740000,44131.0,44144.4,44129.4,44130.7,0.281,1648192799999,12401.4121,13,0.136,6002.1296,0
1648192800000,44133.8,44140.7,44121.7,44140.7,0.290,1648192859999,12797.9659,13,0.195,8606.2472,0
1648192860000,44132.0,44132.6,44121.3,44123.1,1.163,1648192919999,51319.6073,28,0.000,0.0000,0
1648192920000,44125.9,44130.3,44120.1,44121.7,0.840,1648192979999,37063.1201,19,0.020,882.6007,0
1648192980000,44120.5,44141.1,44117.9,44137.4,0.473,1648193039999,20873.0377,18,0.304,13415.1384,0
1648193040000,44141.6,44145.4,44101.3,44140.2,3.217,1648193099999,141971.1069,49,0.990,43697.9594,0
1648193100000,44140.3,44140.3,44128.0,44128.0,1.498,1648193159999,66110.7391,34,0.626,27629.9847,0
1648193160000,44128.0,44128.0,44105.2,44125.8,2.496,1648193219999,110132.5196,25,0.313,13810.2973,0
1648193220000,44125.9,44135.0,44125.8,44126.6,0.398,1648193279999,17563.6213,16,0.360,15886.7926,0
1648193280000,44125.9,44128.6,44122.3,44122.3,0.738,1648193339999,32564.2529,21,0.056,2471.0904,0
1648193340000,44122.3,44135.0,44122.3,44126.1,0.846,1648193399999,37334.4339,21,0.284,12532.8226,0
1648193400000,44126.0,44126.0,44114.7,44114.7,1.331,1648193459999,58724.8267,27,0.001,44.1177,0
1648193460000,44110.5,44111.8,44109.5,44109.5,0.407,1648193519999,17953.3072,13,0.220,9704.4304,0
1648193520000,44104.9,44104.9,44089.2,44091.1,1.630,1648193579999,71878.2319,23,0.052,2292.6384,0
1648193580000,44091.1,44109.6,44086.7,44109.6,0.913,1648193639999,40255.1617,22,0.368,16225.0073,0
1648193640000,44104.4,44104.4,44078.8,44085.7,1.947,1648193699999,85853.5407,59,0.162,7141.7545,0
1648193700000,44078.8,44090.2,44067.1,44067.1,0.758,1648193759999,33412.5541,32,0.203,8949.4617,0
1648193760000,44071.9,44078.0,44042.5,44048.6,2.581,1648193819999,113717.7267,89,0.132,5816.5401,0
1648193820000,44049.3,44054.2,44023.7,44023.7,3.228,1648193879999,142166.2235,92,0.242,10659.3672,0
1648193880000,44027.4,44034.0,44020.8,44020.9,1.698,1648193939999,74755.2882,39,0.714,31435.7742,0
1648193940000,44020.9,44021.0,44009.8,44021.0,1.284,1648193999999,56516.9029,49,0.395,17385.6290,0
1648194000000,44021.0,44055.2,44021.0,44038.0,2.644,1648194059999,116465.0357,30,2.549,112281.3191,0
1648194060000,44044.5,44068.3,44040.0,44040.0,2.410,1648194119999,106183.7755,45,1.515,66756.0781,0
1648194120000,44029.1,44049.6,44025.8,44025.9,1.678,1648194179999,73899.5115,43,0.925,40737.5195,0
1648194180000,44027.9,44040.0,44027.9,44040.0,1.331,1648194239999,58610.2876,22,1.131,49803.2876,0
1648194240000,44040.0,44048.3,44020.3,44034.9,3.215,1648194299999,141577.8292,57,1.933,85128.3650,0
1648194300000,44027.9,44043.6,44027.9,44043.6,0.409,1648194359999,18009.2694,13,0.263,11580.9899,0
1648194360000,44043.6,44058.6,44033.3,44038.1,0.539,1648194419999,23740.0256,14,0.382,16826.4370,0
1648194420000,44036.4,44036.4,44003.8,44012.0,0.817,1648194479999,35956.5315,24,0.019,836.3104,0
1648194480000,44012.5,44016.1,44000.1,44004.5,1.398,1648194539999,61522.0439,30,0.659,28998.1394,0
1648194540000,44004.5,44027.3,44001.5,44002.9,1.490,1648194599999,65570.3758,21,1.338,58880.1254,0
1648194600000,44020.4,44101.6,44004.4,44004.4,1.098,1648194659999,48380.7208,18,1.027,45254.9260,0
1648194660000,44003.2,44044.3,44003.1,44044.1,0.110,1648194719999,4842.7699,8,0.059,2598.6078,0
1648194720000,44048.2,44051.0,44041.5,44050.0,1.067,1648194779999,47001.2237,10,0.062,2731.0162,0
1648194780000,44071.6,44092.1,44060.0,44092.1,1.515,1648194839999,66766.6188,12,0.916,40374.6348,0
1648194840000,44098.4,44098.4,44010.2,44076.0,0.577,1648194899999,25425.6507,12,0.407,17939.4429,0
1648194900000,44075.9,44077.0,44066.0,44076.0,0.563,1648194959999,24811.4722,8,0.219,9652.7682,0
1648194960000,44081.0,44102.0,44002.1,44002.3,3.235,1648195019999,142572.6745,20,0.023,1014.2725,0
1648195020000,44003.3,44081.9,44003.3,44081.9,0.641,1648195079999,28256.0625,8,0.636,28036.0460,0
1648195080000,44081.9,44082.4,44081.9,44081.9,0.310,1648195139999,13665.4835,8,0.193,8507.9012,0
1648195140000,44081.9,44081.9,44081.9,44081.9,0.009,1648195199999,396.7371,1,0.000,0.0000,0
1648195200000,44081.9,44081.9,44081.9,44081.9,0.000,1648195259999,0.0000,0,0.000,0.0000,0
