open_time,open,high,low,close,volume,close_time
1648783800000,60.0200,65.0300,60.0000,62.4800,4049.9,1648783859999
1648783860000,62.4800,64.6400,62.4500,64.5100,4060.3,1648783919999
1648783920000,64.5000,66.8400,64.0800,66.3300,8114.9,1648783979999
1648783980000,66.2600,66.5900,64.4800,65.4100,3640.4,1648784039999
1648784040000,65.3900,65.4900,64.0000,64.3300,2538.7,1648784099999
1648784100000,64.3300,65.4900,64.2800,65.3000,1761.5,1648784159999
1648784160000,65.4300,66.3800,65.1300,66.1000,5778.6,1648784219999
1648784220000,66.1800,66.6800,66.0000,66.1700,3975.7,1648784279999
1648784280000,66.0900,67.5000,65.8700,67.5000,2777.9,1648784339999
1648784340000,67.5400,67.8600,66.5700,67.0000,2918.0,1648784399999
1648784400000,66.9200,68.2200,66.8000,67.1400,4569.7,1648784459999
1648784460000,67.1100,67.4700,66.9500,67.1800,2273.9,1648784519999
1648784520000,67.1300,67.2300,66.9800,66.9800,2271.1,1648784579999
1648784580000,66.9800,67.9500,66.9800,67.9300,3094.9,1648784639999
1648784640000,67.9000,68.3900,67.7100,68.1500,4588.2,1648784699999
1648784700000,68.1400,69.6800,68.0500,69.5600,5041.3,1648784759999
1648784760000,69.6400,71.6600,69.5600,71.1700,12474.5,1648784819999
1648784820000,71.2200,71.7000,68.2900,70.2600,12862.3,1648784879999
1648784880000,70.2000,70.5600,68.9900,69.7500,7887.6,1648784939999
1648784940000,69.7500,69.8200,68.1000,68.1000,8989.4,1648784999999
1648785000000,68.1700,68.3700,66.9300,68.2700,9712.7,1648785059999
1648785060000,68.3700,68.4000,66.8000,67.7900,6919.9,1648785119999
1648785120000,67.7100,68.3400,66.8700,68.2000,5227.1,1648785179999
1648785180000,68.2000,69.6200,68.1900,69.2000,6160.7,1648785239999
1648785240000,69.1800,69.6000,68.8800,69.0800,4411.8,1648785299999
1648785300000,69.0900,69.6400,69.0000,69.2400,4559.8,1648785359999
1648785360000,69.1300,69.2700,68.0000,69.1800,4769.1,1648785419999
1648785420000,69.1800,69.5000,68.5900,69.4800,2470.9,1648785479999
1648785480000,69.4800,69.5000,68.4600,68.5200,3258.5,1648785539999
1648785540000,68.6300,69.0100,68.5600,68.8000,1488.4,1648785599999
1648785600000,68.7400,69.1300,68.0500,69.1300,4278.1,1648785659999
1648785660000,69.1300,69.1600,68.7300,68.9400,2546.9,1648785719999
1648785720000,68.9300,69.0400,67.9900,68.5600,3177.8,1648785779999
1648785780000,68.5700,68.7700,68.5100,68.5200,1183.7,1648785839999
1648785840000,68.5800,68.6100,67.4500,67.5800,3527.7,1648785899999
1648785900000,67.6600,67.6600,65.6000,66.2800,7805.3,1648785959999
1648785960000,66.1300,68.0000,66.0000,67.4200,3665.8,1648786019999
1648786020000,67.3900,67.6700,66.3800,67.4800,3015.0,1648786079999
1648786080000,67.3400,67.3500,66.5500,66.9800,2176.2,1648786139999
1648786140000,66.9800,68.7200,66.9800,68.3200,4250.1,1648786199999
1648786200000,68.3000,68.9800,67.5200,67.5200,4242.1,1648786259999
1648786260000,67.5700,67.9500,67.1000,67.1300,1714.1,1648786319999
1648786320000,67.1000,67.4100,66.6100,66.9900,2546.5,1648786379999
1648786380000,67.0100,67.5000,66.9600,67.1100,1428.5,1648786439999
1648786440000,67.1100,68.0100,66.0100,67.6400,7275.4,1648786499999
1648786500000,67.6500,68.4100,67.2700,67.5100,2421.7,1648786559999
1648786560000,67.3900,67.5300,66.6400,67.4000,1779.7,1648786619999
1648786620000,67.3500,67.4100,67.0000,67.3600,938.2,1648786679999
1648786680000,67.3600,67.4000,66.7800,66.9400,1865.7,1648786739999
1648786740000,66.8600,66.9600,66.4000,66.7000,1605.8,1648786799999
1648786800000,66.6100,67.4100,66.5900,67.0800,1104.4,1648786859999
1648786860000,67.1300,67.1300,66.4100,66.6600,2089.0,1648786919999
1648786920000,66.7200,68.0600,66.6600,67.8600,1890.7,1648786979999
1648786980000,67.9300,68.4100,66.9800,68.0200,3997.7,1648787039999
1648787040000,68.0700,68.0900,67.6000,67.9200,1874.2,1648787099999
1648787100000,67.9200,68.8100,67.8000,68.8100,2067.0,1648787159999
1648787160000,68.8100,68.9900,68.4800,68.8000,2053.0,1648787219999
1648787220000,68.8000,68.9100,68.1300,68.5000,1884.6,1648787279999
1648787280000,68.3700,68.4200,67.6000,67.7400,3100.2,1648787339999
1648787340000,67.7900,67.8600,67.2000,67.7500,1486.0,1648787399999
1648787400000,67.7500,68.8400,67.7200,67.7600,2535.3,1648787459999
1648787460000,67.7300,68.6100,67.5000,67.9100,1597.6,1648787519999
1648787520000,67.8800,68.4600,67.6000,67.9500,1556.6,1648787579999
1648787580000,67.9500,68.5200,67.9500,68.4100,1085.4,1648787639999
1648787640000,68.3300,68.7300,68.3100,68.4200,1733.3,1648787699999
1648787700000,68.4200,68.4700,67.8900,68.0300,899.2,1648787759999
1648787760000,68.0300,69.0000,68.0000,68.9800,3708.5,1648787819999
1648787820000,68.9800,69.1400,68.4900,69.1400,3716.0,1648787879999
1648787880000,69.1300,72.0000,69.0100,70.8700,12214.9,1648787939999
1648787940000,70.8100,72.2800,70.7700,72.0000,8225.0,1648787999999
1648788000000,71.9800,72.9900,71.5000,72.7700,5829.0,1648788059999
1648788060000,72.7300,73.1000,70.9800,71.0000,8442.5,1648788119999
1648788120000,70.9800,71.9900,70.8000,71.1500,3152.1,1648788179999
1648788180000,71.1200,71.2000,69.8900,70.0000,7572.8,1648788239999
1648788240000,70.0000,70.3600,69.5000,70.3600,5800.3,1648788299999
1648788300000,70.3500,71.4300,69.9000,70.9200,4191.4,1648788359999
1648788360000,70.9100,71.5800,70.7600,71.5600,3139.5,1648788419999
1648788420000,71.5700,71.8000,70.7300,71.1400,3257.1,1648788479999
1648788480000,71.0900,71.2100,70.8000,71.0000,2119.0,1648788539999
1648788540000,71.0200,71.2600,70.9800,71.0700,1880.9,1648788599999
1648788600000,71.0700,71.2500,71.0000,71.1600,718.1,1648788659999
1648788660000,71.1700,71.3100,71.0000,71.2500,1770.8,1648788719999
1648788720000,71.2500,71.3100,69.4100,69.6000,6710.3,1648788779999
1648788780000,69.5500,70.1800,68.0000,68.6500,8498.5,1648788839999
1648788840000,68.6500,69.8000,67.2800,69.3200,12012.1,1648788899999
1648788900000,69.3700,70.5000,69.2000,70.3800,4156.0,1648788959999
1648788960000,70.2100,70.7900,69.1000,70.6000,4627.7,1648789019999
1648789020000,70.5100,71.0000,69.9400,70.9300,2811.8,1648789079999
1648789080000,70.9900,71.3100,70.5800,70.8400,2693.5,1648789139999
1648789140000,70.8000,70.8600,69.9000,70.1100,2310.2,1648789199999
1648789200000,70.1200,70.2100,69.8800,70.0400,1812.3,1648789259999
1648789260000,70.0500,70.1600,69.4000,70.1100,2239.5,1648789319999
1648789320000,70.1100,70.2100,69.9300,70.2100,1610.8,1648789379999
1648789380000,70.2100,71.3000,70.1900,70.6800,4251.2,1648789439999
1648789440000,70.7200,70.9700,70.3000,70.4200,1891.3,1648789499999
1648789500000,70.4200,70.5000,69.6000,70.0500,2531.0,1648789559999
1648789560000,70.0500,70.5300,69.6600,69.7000,1551.3,1648789619999
1648789620000,69.7400,70.7900,69.5900,70.5400,2742.0,1648789679999
1648789680000,70.4700,71.3500,70.4700,71.1900,2794.0,1648789739999
1648789740000,71.1600,71.3300,70.7800,71.3300,1948.1,1648789799999
1648789800000,71.3000,71.6500,71.1000,71.2900,3016.7,1648789859999
1648789860000,71.3900,72.4800,71.2500,72.2400,4975.3,1648789919999
1648789920000,72.1800,72.4900,71.3700,71.7200,3778.6,1648789979999
1648789980000,71.7700,73.1700,71.7400,73.0300,5984.1,1648790039999
1648790040000,73.1900,73.3900,72.1000,72.6100,7232.0,1648790099999
1648790100000,72.5700,73.1300,71.9700,72.5500,3429.9,1648790159999
1648790160000,72.6000,72.6000,71.2600,72.0800,7223.9,1648790219999
1648790220000,71.9800,72.0800,71.7000,71.9800,1220.3,1648790279999
1648790280000,71.9800,72.6300,71.8200,72.1900,2425.2,1648790339999
1648790340000,72.1800,72.4600,71.5000,71.5000,2757.9,1648790399999
1648790400000,71.5000,71.8400,70.5200,71.2400,5419.7,1648790459999
1648790460000,71.2400,71.8600,70.9900,71.4600,3763.5,1648790519999
1648790520000,71.4600,71.7400,70.8100,70.8100,2290.9,1648790579999
1648790580000,70.8100,71.5000,70.8100,71.3900,970.6,1648790639999
1648790640000,71.4400,71.5000,70.8200,71.0300,1077.1,1648790699999
1648790700000,71.1100,71.1700,70.5000,70.8500,2221.7,1648790759999
1648790760000,70.7300,71.3000,70.7300,71.2200,1861.1,1648790819999
1648790820000,71.2000,71.8200,70.7600,71.2200,3111.1,1648790879999
1648790880000,71.2000,72.0000,71.1900,71.7500,3856.3,1648790939999
1648790940000,71.8400,72.1400,71.4000,71.8000,2012.9,1648790999999
1648791000000,71.8300,72.6500,71.6800,72.1700,5234.8,1648791059999
1648791060000,72.1700,72.6000,71.5900,72.0900,2665.9,1648791119999
1648791120000,72.0900,72.6000,71.9100,72.3000,1584.5,1648791179999
1648791180000,72.4000,72.6400,71.4900,72.0000,4165.6,1648791239999
1648791240000,72.0700,73.4100,72.0000,73.0100,6390.9,1648791299999
1648791300000,72.9600,73.9800,72.7400,73.8300,6695.8,1648791359999
1648791360000,73.8300,75.0000,72.9400,75.0000,11701.3,1648791419999
1648791420000,75.0000,75.9000,74.4200,75.5600,12964.9,1648791479999
1648791480000,75.6900,75.7200,74.5500,75.3400,8937.7,1648791539999
1648791540000,75.3400,75.5600,74.6900,75.1900,4314.1,1648791599999
1648791600000,75.1500,77.4000,75.0700,77.1700,14994.4,1648791659999
1648791660000,77.1700,80.8200,76.6000,80.0600,22970.4,1648791719999
1648791720000,80.0500,80.5900,79.0000,79.3600,14804.9,1648791779999
1648791780000,79.3600,79.7200,78.2200,79.6800,9539.7,1648791839999
1648791840000,79.5600,79.6800,78.6400,79.2300,6436.6,1648791899999
1648791900000,79.2300,79.3500,78.4200,78.9100,6094.5,1648791959999
1648791960000,78.9000,81.0000,78.9000,80.2000,15386.3,1648792019999
1648792020000,80.3100,80.9000,80.0100,80.4200,9300.0,1648792079999
1648792080000,80.4200,80.6500,79.0000,79.6100,7988.1,1648792139999
1648792140000,79.4500,79.8000,78.2500,78.4100,8974.7,1648792199999
1648792200000,78.4100,78.4600,77.0200,77.9100,10635.0,1648792259999
1648792260000,77.9800,78.0500,77.2000,77.3300,5330.6,1648792319999
1648792320000,77.3000,77.4800,75.6000,75.6700,15062.0,1648792379999
1648792380000,75.6700,76.2800,75.0100,75.7900,12528.8,1648792439999
1648792440000,75.7800,76.4500,75.7300,76.1900,4536.8,1648792499999
1648792500000,76.2900,77.7800,76.1500,77.3200,6559.2,1648792559999
1648792560000,77.3600,79.2000,77.1000,78.9900,7336.0,1648792619999
1648792620000,78.9800,79.2000,77.3200,78.5100,11172.3,1648792679999
1648792680000,78.4500,78.9800,78.0000,78.5600,4821.0,1648792739999
1648792740000,78.5600,79.7700,78.5000,79.3900,7009.5,1648792799999
1648792800000,79.2800,80.6800,79.2700,80.6300,9570.8,1648792859999
1648792860000,80.5900,81.7000,80.3500,80.5100,9744.9,1648792919999
1648792920000,80.5100,80.8800,78.9800,79.1800,10671.0,1648792979999
1648792980000,79.2000,79.2000,76.3600,77.2500,13821.5,1648793039999
1648793040000,77.2000,78.2700,77.2000,78.0800,5183.3,1648793099999
1648793100000,78.0100,79.1800,78.0000,78.9700,5706.4,1648793159999
1648793160000,78.9700,79.5400,77.7000,78.3200,9471.4,1648793219999
1648793220000,78.3200,78.4400,77.1000,77.3800,6303.9,1648793279999
1648793280000,77.3000,78.0800,77.2800,77.8400,3789.5,1648793339999
1648793340000,77.8500,78.7700,77.2000,78.6400,4996.5,1648793399999
1648793400000,78.5800,80.5000,78.4400,80.1600,13413.3,1648793459999
1648793460000,80.1300,81.1500,79.2100,81.0000,10243.5,1648793519999
1648793520000,81.0000,82.0000,80.3600,81.5800,12303.1,1648793579999
1648793580000,81.5800,81.6900,80.2000,81.1700,10611.3,1648793639999
1648793640000,81.2700,83.2600,81.0700,82.1800,11572.2,1648793699999
1648793700000,82.0900,84.3800,81.9700,84.2500,14374.5,1648793759999
1648793760000,84.2200,84.3900,82.5800,83.0500,9403.5,1648793819999
1648793820000,83.0400,83.0500,81.0100,81.4100,9860.9,1648793879999
1648793880000,81.4300,83.6200,80.5200,83.5000,11596.7,1648793939999
1648793940000,83.5100,83.6400,82.1500,82.9400,7077.4,1648793999999
1648794000000,82.9400,84.8800,82.7100,84.4900,10308.3,1648794059999
1648794060000,84.5400,85.0000,83.3300,83.8800,10182.8,1648794119999
1648794120000,83.8600,83.9500,82.0000,82.3000,11494.7,1648794179999
1648794180000,82.2500,82.8800,82.1500,82.5300,4646.2,1648794239999
1648794240000,82.5700,82.7300,81.4000,82.0100,5405.1,1648794299999
1648794300000,82.0100,82.1000,81.1000,81.7200,5325.2,1648794359999
1648794360000,81.7700,83.0000,81.6000,82.7700,7570.6,1648794419999
1648794420000,82.7700,83.7300,82.6400,83.4200,5779.8,1648794479999
1648794480000,83.4200,83.7000,82.5200,82.6500,5922.9,1648794539999
1648794540000,82.6800,83.3400,82.2900,82.7900,4757.3,1648794599999
1648794600000,82.7800,84.0000,82.7800,83.7300,4829.9,1648794659999
1648794660000,83.7300,84.5300,82.7900,83.2900,5721.6,1648794719999
1648794720000,83.3300,83.4300,82.2000,82.7900,5723.2,1648794779999
1648794780000,82.8000,82.9900,82.1000,82.2600,3877.6,1648794839999
1648794840000,82.2600,83.4300,82.2500,82.7600,2574.1,1648794899999
1648794900000,82.8100,83.2000,82.3200,82.8400,2427.2,1648794959999
1648794960000,82.8100,82.9900,82.1600,82.2800,2156.7,1648795019999
1648795020000,82.2100,82.4200,81.1000,81.7100,8614.2,1648795079999
1648795080000,81.7000,82.4800,81.1500,81.3400,3942.0,1648795139999
1648795140000,81.3400,82.1900,81.0000,81.6500,5560.8,1648795199999
1648795200000,81.6600,83.9900,81.6600,83.8300,5639.1,1648795259999
1648795260000,83.8100,84.1600,82.5700,83.5000,8349.1,1648795319999
1648795320000,83.5700,84.3500,83.1200,84.0600,6807.3,1648795379999
1648795380000,84.0600,85.0000,83.8000,84.4400,9903.3,1648795439999
1648795440000,84.4300,85.5500,84.0000,84.3200,13447.9,1648795499999
1648795500000,84.2600,84.3100,83.0900,83.6300,6683.2,1648795559999
1648795560000,83.6500,84.1800,83.3000,84.1000,4179.7,1648795619999
1648795620000,84.1000,84.5200,83.0200,83.4600,5013.5,1648795679999
1648795680000,83.4900,83.9700,83.0100,83.3400,3445.2,1648795739999
1648795740000,83.3400,83.4700,82.4000,82.7600,5674.3,1648795799999
1648795800000,82.8300,82.9300,81.8800,82.3200,5430.8,1648795859999
1648795860000,82.3900,83.6300,82.2800,83.3200,3710.9,1648795919999
1648795920000,83.3200,83.7600,82.8900,82.9400,2651.6,1648795979999
1648795980000,82.9400,83.7800,82.4700,83.4700,3276.6,1648796039999
1648796040000,83.4800,84.6400,83.4100,84.4800,5613.2,1648796099999
1648796100000,84.4000,84.4900,84.0000,84.0500,3804.8,1648796159999
1648796160000,84.1300,84.3800,83.2400,83.5900,4732.6,1648796219999
1648796220000,83.6400,84.4000,83.5600,84.2300,3046.7,1648796279999
1648796280000,84.2500,84.4400,84.0300,84.4200,2506.9,1648796339999
1648796340000,84.4200,85.5000,84.3300,84.5200,6391.1,1648796399999
1648796400000,84.4600,85.2900,83.8300,84.1400,6606.4,1648796459999
1648796460000,84.1200,84.4700,83.1000,83.8300,7290.8,1648796519999
1648796520000,83.7900,83.8100,83.0000,83.4400,4367.4,1648796579999
1648796580000,83.4400,83.8700,83.0000,83.2400,2587.0,1648796639999
1648796640000,83.1900,83.2500,82.6200,82.6900,4348.2,1648796699999
1648796700000,82.6900,83.3000,82.6000,83.1100,3430.6,1648796759999
1648796760000,83.1200,83.4100,82.5200,82.6600,3437.6,1648796819999
1648796820000,82.7600,83.1900,82.2000,82.3800,4662.2,1648796879999
1648796880000,82.2500,82.9000,82.0000,82.0100,5750.2,1648796939999
1648796940000,82.0100,82.4900,81.9000,82.2100,5116.8,1648796999999
1648797000000,82.1500,82.7400,82.1400,82.4200,2191.8,1648797059999
1648797060000,82.4400,82.7300,81.2200,81.3000,5004.3,1648797119999
1648797120000,81.3000,81.9900,81.1700,81.8900,3929.7,1648797179999
1648797180000,81.8900,81.9000,81.6200,81.7000,1438.3,1648797239999
1648797240000,81.6800,81.7100,81.1500,81.1800,3349.9,1648797299999
1648797300000,81.1800,81.1800,79.1300,79.8400,17297.0,1648797359999
1648797360000,79.8400,80.2700,79.6000,79.8500,5348.3,1648797419999
1648797420000,79.8500,80.6300,79.8500,80.0900,3960.1,1648797479999
1648797480000,80.1600,80.7000,80.0800,80.7000,2594.4,1648797539999
1648797540000,80.6800,80.7000,79.8600,79.8600,4022.2,1648797599999
1648797600000,79.8700,80.2400,79.3700,80.0800,3472.9,1648797659999
1648797660000,80.0000,80.7200,79.9700,80.6300,2829.2,1648797719999
1648797720000,80.5400,80.6500,79.8000,79.8000,1915.3,1648797779999
1648797780000,79.8400,79.8900,79.1900,79.1900,5363.2,1648797839999
1648797840000,79.2700,79.3100,78.1700,78.9900,11363.2,1648797899999
1648797900000,78.9400,79.0700,78.5200,79.0700,4048.4,1648797959999
1648797960000,79.0600,79.7000,79.0000,79.5700,3532.9,1648798019999
1648798020000,79.5700,80.0000,78.6600,78.7100,3196.2,1648798079999
1648798080000,78.7100,79.4400,78.6200,78.9700,3105.7,1648798139999
1648798140000,78.9600,79.4500,78.6200,78.7800,3591.5,1648798199999
1648798200000,78.7800,79.1700,78.6300,79.0200,1659.0,1648798259999
1648798260000,79.0300,79.0900,78.4000,78.9600,3645.7,1648798319999
1648798320000,78.9900,79.9400,78.9500,79.6800,3757.9,1648798379999
1648798380000,79.6800,80.0600,79.1100,80.0600,3043.3,1648798439999
1648798440000,80.0600,80.0800,79.3900,80.0000,2931.7,1648798499999
1648798500000,80.0000,80.6800,80.0000,80.5500,3610.7,1648798559999
1648798560000,80.5900,81.1000,80.4900,81.0300,4501.3,1648798619999
1648798620000,81.0400,81.3400,80.9100,81.0100,3722.1,1648798679999
1648798680000,81.1000,81.1000,80.4300,80.7400,3288.8,1648798739999
1648798740000,80.7400,81.3200,80.6900,81.1300,2158.8,1648798799999
1648798800000,81.2200,81.3500,81.0900,81.3100,2119.0,1648798859999
1648798860000,81.3100,81.5800,80.6200,80.8800,3037.2,1648798919999
1648798920000,80.8700,80.8800,80.4000,80.4000,2603.5,1648798979999
1648798980000,80.4100,81.4300,80.2000,81.1500,3105.4,1648799039999
1648799040000,81.1600,81.2900,80.4300,80.8300,2014.5,1648799099999
1648799100000,80.7900,81.4000,80.7300,81.0400,2028.0,1648799159999
1648799160000,81.0400,81.0500,80.3000,80.5000,2432.7,1648799219999
1648799220000,80.5000,81.2400,80.4300,81.0000,1620.5,1648799279999
1648799280000,81.0000,81.6000,80.7600,81.4800,3357.0,1648799339999
1648799340000,81.5600,83.0000,81.4400,82.4700,7018.8,1648799399999
1648799400000,82.5400,82.7000,81.7500,82.6500,4685.5,1648799459999
1648799460000,82.6500,82.8300,82.1200,82.6300,3177.1,1648799519999
1648799520000,82.6400,83.0300,82.3100,82.8000,2749.5,1648799579999
1648799580000,82.7800,83.2000,82.3700,83.1400,5036.7,1648799639999
1648799640000,83.1000,83.2000,82.9700,82.9900,3851.9,1648799699999
1648799700000,82.9800,83.1600,82.0000,82.1200,3456.0,1648799759999
1648799760000,82.1800,82.2600,80.7000,80.9600,4856.5,1648799819999
1648799820000,81.0400,81.5700,80.9500,81.0100,3771.6,1648799879999
1648799880000,81.0100,82.5000,81.0000,82.2000,3202.1,1648799939999
1648799940000,82.1900,82.6000,81.8700,82.5900,1101.4,1648799999999
1648800000000,82.5100,82.6000,81.7700,81.7700,1925.2,1648800059999
1648800060000,81.8000,82.0000,81.7300,81.9500,1446.7,1648800119999
1648800120000,81.8300,82.3900,81.7600,82.3000,2011.3,1648800179999
1648800180000,82.3500,82.5900,81.5000,81.6100,3057.4,1648800239999
1648800240000,81.5200,81.9100,81.5000,81.5800,2854.6,1648800299999
1648800300000,81.5800,82.6000,81.5500,82.4000,2501.1,1648800359999
1648800360000,82.4700,82.9700,82.0900,82.9000,3106.4,1648800419999
1648800420000,82.9100,82.9600,82.1400,82.5100,2601.3,1648800479999
1648800480000,82.5300,82.6200,82.0300,82.1600,1844.7,1648800539999
1648800540000,82.1500,83.0000,82.0000,82.9800,3277.3,1648800599999
1648800600000,82.9600,84.1600,82.9300,83.8300,5117.1,1648800659999
1648800660000,83.9000,85.2500,83.5500,85.2500,11287.6,1648800719999
1648800720000,85.1600,85.4000,84.0300,84.5400,5391.6,1648800779999
1648800780000,84.5800,84.8900,83.7100,83.7200,3868.5,1648800839999
1648800840000,83.8000,84.6600,83.7000,84.3600,3485.2,1648800899999
1648800900000,84.4400,84.6100,83.7000,84.0900,4367.4,1648800959999
1648800960000,84.0500,84.1500,83.1100,83.5200,4477.1,1648801019999
1648801020000,83.5400,84.1300,83.4000,83.9500,2262.7,1648801079999
1648801080000,84.0000,84.1900,83.3200,83.3200,2239.7,1648801139999
1648801140000,83.3300,83.9500,83.1100,83.7300,2140.3,1648801199999
1648801200000,83.7000,84.1900,83.6500,84.0500,2366.3,1648801259999
1648801260000,84.0600,84.1900,83.3200,83.7900,2847.3,1648801319999
1648801320000,83.8300,84.2000,83.4500,84.0300,2490.1,1648801379999
1648801380000,84.0900,85.0000,84.0100,84.6700,4553.4,1648801439999
1648801440000,84.7000,85.4500,84.5300,85.3700,4012.0,1648801499999
1648801500000,85.3800,88.4500,85.2800,88.2300,18295.7,1648801559999
1648801560000,88.2300,88.5000,86.7800,86.9400,12480.9,1648801619999
1648801620000,86.9900,88.8800,86.8600,88.8800,8726.1,1648801679999
1648801680000,88.8800,89.2400,87.9800,89.1000,11054.1,1648801739999
1648801740000,89.2000,89.4700,88.5400,89.2200,8003.0,1648801799999
1648801800000,89.1600,91.1900,88.9400,90.7700,18157.2,1648801859999
1648801860000,90.8200,92.4500,90.7700,92.0100,20608.8,1648801919999
1648801920000,92.0600,92.9000,90.2300,90.8200,24891.3,1648801979999
1648801980000,90.8400,91.2100,89.8800,90.7300,18657.8,1648802039999
1648802040000,90.7500,90.8800,89.3600,89.4100,13725.3,1648802099999
1648802100000,89.4100,89.9000,88.7100,88.8000,13394.0,1648802159999
1648802160000,88.7900,90.8900,88.7200,90.7600,9488.9,1648802219999
1648802220000,90.7600,92.5000,90.7400,91.9700,16897.8,1648802279999
1648802280000,91.9500,92.0700,90.5100,90.6900,14922.8,1648802339999
1648802340000,90.6700,91.7100,89.4200,89.7500,11824.8,1648802399999
1648802400000,89.7600,90.8700,89.1000,90.4800,14795.7,1648802459999
1648802460000,90.3900,91.8800,90.3500,91.5000,9321.4,1648802519999
1648802520000,91.5000,91.6700,90.1100,90.8400,9844.6,1648802579999
1648802580000,90.8400,92.5600,90.1300,92.0600,18338.0,1648802639999
1648802640000,92.1400,92.3000,90.8100,91.2200,10389.9,1648802699999
1648802700000,91.2000,91.4100,90.5100,90.7700,8316.4,1648802759999
1648802760000,90.7800,91.2000,90.3000,90.3600,5824.0,1648802819999
1648802820000,90.3800,90.6200,89.8000,89.8800,8604.7,1648802879999
1648802880000,89.9100,91.5800,89.8400,91.5400,9182.2,1648802939999
1648802940000,91.4100,93.0000,91.1500,91.7200,27509.1,1648802999999
1648803000000,91.7300,93.2800,91.6000,93.1500,17814.5,1648803059999
1648803060000,93.2200,93.2500,91.2500,91.8000,17782.6,1648803119999
1648803120000,91.8600,92.2000,91.2700,91.6900,8998.4,1648803179999
1648803180000,91.6900,91.6900,90.6300,91.4100,11899.4,1648803239999
1648803240000,91.3500,91.5700,90.8100,91.3200,6476.4,1648803299999
1648803300000,91.3700,91.4600,90.0300,90.1800,11211.4,1648803359999
1648803360000,90.2400,90.3400,89.0000,89.0300,14870.8,1648803419999
1648803420000,89.0300,89.7500,89.0000,89.5400,12196.2,1648803479999
1648803480000,89.5700,89.9800,89.2400,89.6200,6002.9,1648803539999
1648803540000,89.5900,89.5900,89.0000,89.0000,5474.4,1648803599999
1648803600000,89.0000,89.0200,87.5000,88.4000,16256.6,1648803659999
1648803660000,88.4000,89.0000,88.0700,89.0000,7487.2,1648803719999
1648803720000,89.0000,90.0800,88.9000,89.7000,9270.5,1648803779999
1648803780000,89.8000,90.4900,89.7000,90.2400,8129.8,1648803839999
1648803840000,90.2400,90.2900,89.1400,89.4500,7098.6,1648803899999
1648803900000,89.4600,90.3600,89.4100,89.5000,5888.7,1648803959999
1648803960000,89.4600,89.6600,88.8000,89.5000,5762.6,1648804019999
1648804020000,89.4900,90.5000,89.4100,90.2600,6184.8,1648804079999
1648804080000,90.2600,91.2000,90.1700,91.2000,12221.9,1648804139999
1648804140000,91.1900,91.8000,90.7000,91.7200,7105.7,1648804199999
1648804200000,91.7200,91.8500,91.2000,91.8200,7693.0,1648804259999
1648804260000,91.8000,91.8300,90.6000,90.6100,8479.1,1648804319999
1648804320000,90.6100,91.2500,90.2100,91.0900,5609.5,1648804379999
1648804380000,91.0400,91.7600,91.0400,91.4600,4121.5,1648804439999
1648804440000,91.4400,91.5500,90.5000,90.7300,10950.2,1648804499999
1648804500000,90.8100,91.6600,90.7100,90.9300,4390.1,1648804559999
1648804560000,90.9300,91.0300,90.2000,90.3000,4851.3,1648804619999
1648804620000,90.3800,90.4600,89.5000,89.6400,8495.5,1648804679999
1648804680000,89.6900,90.3300,89.5800,90.0400,4026.8,1648804739999
1648804740000,90.0500,90.8100,90.0400,90.1300,3833.3,1648804799999
1648804800000,90.1900,90.2100,89.5000,89.5000,4838.4,1648804859999
1648804860000,89.5000,89.5800,89.1800,89.3300,5151.4,1648804919999
1648804920000,89.3300,89.9200,89.3100,89.6100,4292.1,1648804979999
1648804980000,89.6100,89.7000,89.0000,89.5900,4393.8,1648805039999
1648805040000,89.5800,89.7200,89.1700,89.6700,2629.9,1648805099999
1648805100000,89.6800,89.7700,89.4400,89.5600,1545.6,1648805159999
1648805160000,89.5400,89.7100,89.4100,89.7000,2058.1,1648805219999
1648805220000,89.7000,89.8000,89.5700,89.6500,2326.0,1648805279999
1648805280000,89.6000,89.7600,88.8600,89.0100,5028.7,1648805339999
1648805340000,89.0100,89.1000,88.5000,88.7000,6530.0,1648805399999
1648805400000,88.7000,89.7300,88.6200,89.3500,4685.5,1648805459999
1648805460000,89.3300,89.7000,89.1700,89.3200,4166.6,1648805519999
1648805520000,89.3200,89.7100,89.3000,89.5600,2767.9,1648805579999
1648805580000,89.5900,89.6300,89.1700,89.3900,3129.2,1648805639999
1648805640000,89.3900,90.0000,89.3900,89.9400,3551.3,1648805699999
1648805700000,89.9900,90.9800,89.9000,90.5600,7721.7,1648805759999
1648805760000,90.5600,90.6000,89.5400,89.6800,4514.7,1648805819999
1648805820000,89.7300,90.3300,89.6700,89.8600,2878.5,1648805879999
1648805880000,89.8400,89.8600,89.3300,89.5300,3077.0,1648805939999
1648805940000,89.5100,89.5700,89.0000,89.0900,4600.7,1648805999999
1648806000000,89.0700,89.1600,88.0000,88.1300,8995.3,1648806059999
1648806060000,88.1300,88.4200,79.0000,82.6500,70469.6,1648806119999
1648806120000,82.5600,83.9900,75.5000,77.5300,63072.5,1648806179999
1648806180000,77.5300,79.5000,76.6000,79.4300,33267.2,1648806239999
1648806240000,79.4300,80.5000,78.6000,79.7200,25715.2,1648806299999
1648806300000,79.8000,80.6600,79.0000,80.0100,16374.4,1648806359999
1648806360000,80.0800,80.1700,78.3500,78.8600,16417.3,1648806419999
1648806420000,78.8600,78.9000,78.0000,78.2500,17547.4,1648806479999
1648806480000,78.3100,79.8100,78.1900,79.6500,13434.5,1648806539999
1648806540000,79.6300,81.0800,79.1600,81.0600,12339.8,1648806599999
1648806600000,81.0800,81.9000,80.7900,81.3800,17747.2,1648806659999
1648806660000,81.3800,81.4100,79.3600,79.6100,13832.0,1648806719999
1648806720000,79.6600,80.5600,79.3500,79.8000,9892.5,1648806779999
1648806780000,79.8000,80.3300,79.2000,79.4200,8924.7,1648806839999
1648806840000,79.4200,79.7900,76.9800,77.8000,18750.3,1648806899999
1648806900000,77.8700,78.2500,76.0000,76.7300,24576.1,1648806959999
1648806960000,76.6800,77.9000,76.5800,77.4600,15754.2,1648807019999
1648807020000,77.4600,77.8400,77.0000,77.0700,9492.1,1648807079999
1648807080000,77.1200,78.0000,76.6000,77.0400,12161.4,1648807139999
1648807140000,77.0600,77.7100,77.0400,77.3800,6000.6,1648807199999
1648807200000,77.3400,77.3800,76.2000,76.7000,13175.4,1648807259999
1648807260000,76.6900,79.4000,76.6100,78.0000,16640.1,1648807319999
1648807320000,78.0300,78.3200,77.6000,77.8300,6580.8,1648807379999
1648807380000,77.8100,78.6700,77.6000,78.0100,8168.1,1648807439999
1648807440000,77.9600,78.7600,77.5600,78.4900,8919.8,1648807499999
1648807500000,78.4600,78.6500,78.0800,78.2400,5452.2,1648807559999
1648807560000,78.2400,79.2000,78.2000,78.7200,6720.8,1648807619999
1648807620000,78.7200,79.2200,78.5000,78.8700,7215.1,1648807679999
1648807680000,78.8700,79.1400,78.5800,78.9200,3687.4,1648807739999
1648807740000,78.9200,79.6000,78.8800,78.9600,6901.5,1648807799999
1648807800000,78.9400,80.2700,78.8800,79.8900,8393.8,1648807859999
1648807860000,79.9000,80.4300,79.6100,79.7400,6322.8,1648807919999
1648807920000,79.7500,80.3700,79.6200,79.9300,3853.9,1648807979999
1648807980000,79.8500,80.2800,79.8300,80.2700,2649.0,1648808039999
1648808040000,80.2700,80.4400,80.1300,80.1300,4667.9,1648808099999
1648808100000,80.1300,80.1300,78.8000,79.5800,11379.1,1648808159999
1648808160000,79.6400,79.7600,78.5000,78.8000,6543.7,1648808219999
1648808220000,78.8600,79.4400,78.3700,78.5800,5487.8,1648808279999
1648808280000,78.5000,78.6600,78.0000,78.3100,7172.7,1648808339999
1648808340000,78.3000,78.8200,77.9500,78.3200,4287.3,1648808399999
1648808400000,78.2400,79.2200,78.2000,78.9100,3980.7,1648808459999
1648808460000,78.9700,79.6000,78.9000,79.1400,2800.5,1648808519999
1648808520000,79.1000,79.4000,78.2500,78.7300,3678.8,1648808579999
1648808580000,78.7200,79.0100,77.5200,77.6200,6999.5,1648808639999
1648808640000,77.6000,78.3700,77.5400,77.7400,3330.2,1648808699999
1648808700000,77.7400,78.3300,76.5800,77.1900,10001.7,1648808759999
1648808760000,77.1900,77.7600,76.7500,77.7500,4427.0,1648808819999
1648808820000,77.6700,78.6400,77.3100,77.3900,4678.6,1648808879999
1648808880000,77.4000,77.8100,77.1100,77.7700,4023.6,1648808939999
1648808940000,77.7200,78.2000,77.3800,77.8500,2683.6,1648808999999
1648809000000,77.7700,78.3200,77.6800,78.1000,2573.6,1648809059999
1648809060000,78.1000,78.1800,77.5600,77.8300,1973.8,1648809119999
1648809120000,77.8300,78.1600,77.6000,77.8100,1632.1,1648809179999
1648809180000,77.7800,77.7800,76.9000,76.9700,4473.6,1648809239999
1648809240000,76.9200,77.2900,76.9000,77.1100,2618.0,1648809299999
1648809300000,77.1100,77.6400,76.5000,76.5100,5569.3,1648809359999
1648809360000,76.6200,77.6400,76.6000,77.5300,4022.7,1648809419999
1648809420000,77.5400,77.8700,77.1400,77.2700,2567.2,1648809479999
1648809480000,77.3100,77.3100,76.9100,77.0200,2506.3,1648809539999
1648809540000,76.9800,77.2600,76.9400,77.1100,1358.6,1648809599999
1648809600000,77.0800,77.5700,77.0200,77.2500,1898.8,1648809659999
1648809660000,77.2000,77.4200,69.1200,71.9000,65790.1,1648809719999
1648809720000,71.9700,73.1700,71.5300,72.5200,18643.8,1648809779999
1648809780000,72.5800,73.2000,72.0800,72.6900,11234.6,1648809839999
1648809840000,72.7500,73.0700,72.4000,72.8500,6291.5,1648809899999
1648809900000,72.8500,73.0400,71.3500,71.9600,13715.9,1648809959999
1648809960000,71.9600,72.5500,71.3200,71.6000,9971.2,1648810019999
1648810020000,71.5500,72.0000,70.6200,71.8400,14898.9,1648810079999
1648810080000,71.8400,73.1300,71.8400,72.8000,10971.1,1648810139999
1648810140000,72.7900,73.9700,72.6700,73.9000,12029.9,1648810199999
1648810200000,73.8900,74.0400,73.5400,73.6600,7631.4,1648810259999
1648810260000,73.6600,74.3900,73.5600,74.2300,6130.8,1648810319999
1648810320000,74.2600,74.4600,73.0700,73.6500,8407.2,1648810379999
1648810380000,73.6400,73.9700,73.2100,73.4300,3783.8,1648810439999
1648810440000,73.4400,73.7000,73.4200,73.5200,1948.7,1648810499999
1648810500000,73.5200,73.5500,72.3500,72.8700,4860.1,1648810559999
1648810560000,72.8900,73.1900,72.6300,72.8900,3083.5,1648810619999
1648810620000,72.9100,73.0100,72.3400,72.9200,3941.8,1648810679999
1648810680000,72.9600,72.9600,71.9600,72.7500,8434.1,1648810739999
1648810740000,72.7500,72.8500,72.1200,72.2600,4195.7,1648810799999
1648810800000,72.2900,72.4500,71.0000,71.9000,13461.4,1648810859999
1648810860000,71.9000,72.6000,71.3300,71.4500,6238.4,1648810919999
1648810920000,71.5100,72.0000,71.5100,71.9700,2744.8,1648810979999
1648810980000,72.0000,72.1800,71.6400,71.8400,3625.0,1648811039999
1648811040000,71.8600,71.9700,71.5900,71.8300,2675.3,1648811099999
1648811100000,71.7900,71.8200,70.9100,71.6300,4892.1,1648811159999
1648811160000,71.5600,72.4700,71.1800,72.4100,5879.0,1648811219999
1648811220000,72.4700,73.5200,72.2700,73.1400,6137.6,1648811279999
1648811280000,73.1100,74.0000,72.6500,73.8000,8571.7,1648811339999
1648811340000,73.7900,73.8300,73.1200,73.2400,3732.7,1648811399999
1648811400000,73.2500,73.2800,72.0200,72.8500,6464.5,1648811459999
1648811460000,72.8700,72.9300,72.1300,72.3600,3452.4,1648811519999
1648811520000,72.3600,72.4100,72.0000,72.3200,3406.9,1648811579999
1648811580000,72.3000,73.1300,72.2600,72.6200,3415.7,1648811639999
1648811640000,72.6800,73.0800,72.4800,72.6900,2815.8,1648811699999
1648811700000,72.7000,73.8200,72.4500,72.9600,5964.3,1648811759999
1648811760000,73.0100,73.8200,73.0100,73.7400,3719.1,1648811819999
1648811820000,73.7800,73.8200,73.2000,73.4000,2091.1,1648811879999
1648811880000,73.3900,74.1400,73.3700,73.6200,5949.1,1648811939999
1648811940000,73.6800,74.3900,73.6800,74.2000,5962.8,1648811999999
1648812000000,74.2700,75.0000,74.1300,74.9500,7708.3,1648812059999
1648812060000,75.0000,75.4500,74.4300,74.5800,6373.2,1648812119999
1648812120000,74.6500,74.6700,74.1600,74.1900,2760.3,1648812179999
1648812180000,74.1600,75.3200,74.0000,74.8300,6057.4,1648812239999
1648812240000,74.7800,75.2000,74.6700,75.1000,3663.7,1648812299999
1648812300000,75.0300,75.1900,74.8400,75.0000,3734.7,1648812359999
1648812360000,74.9900,75.7500,74.9700,75.5000,5347.7,1648812419999
1648812420000,75.5000,75.6500,74.5200,74.9500,5548.9,1648812479999
1648812480000,74.9500,75.0500,74.2100,74.4600,3172.9,1648812539999
1648812540000,74.4000,74.4000,72.8200,73.5100,7631.6,1648812599999
1648812600000,73.5100,74.4500,73.4100,74.2600,3634.9,1648812659999
1648812660000,74.3000,74.3900,73.4800,73.7700,4215.3,1648812719999
1648812720000,73.7800,74.1100,73.2900,73.7400,3648.4,1648812779999
1648812780000,73.7400,74.5000,73.6900,73.9000,2638.8,1648812839999
1648812840000,73.9000,74.0500,73.6000,73.6100,1796.7,1648812899999
1648812900000,73.6100,74.2400,73.4700,73.9000,2996.7,1648812959999
1648812960000,73.9300,74.1100,72.9500,73.4600,4099.6,1648813019999
1648813020000,73.4000,73.8800,72.9100,73.2600,4242.7,1648813079999
1648813080000,73.2000,73.3100,72.0700,72.6400,6071.0,1648813139999
1648813140000,72.6400,73.4900,72.5900,73.4500,2938.8,1648813199999
1648813200000,73.4500,73.5200,72.9700,73.2400,1691.3,1648813259999
1648813260000,73.1800,73.4600,73.1000,73.3200,1329.9,1648813319999
1648813320000,73.3200,73.5900,73.2300,73.5400,1860.4,1648813379999
1648813380000,73.5800,74.2500,73.4800,73.7000,2622.9,1648813439999
1648813440000,73.6900,74.0700,73.5600,73.9100,1427.0,1648813499999
1648813500000,73.8600,74.8600,73.7600,74.8100,4795.0,1648813559999
1648813560000,74.8100,74.9300,74.1700,74.6200,3814.1,1648813619999
1648813620000,74.6100,74.6900,74.3900,74.4000,1492.6,1648813679999
1648813680000,74.4300,74.5900,74.4000,74.5500,1015.1,1648813739999
1648813740000,74.5500,74.8000,73.8500,74.6800,3859.4,1648813799999
1648813800000,74.6800,74.8000,74.5000,74.6200,1252.9,1648813859999
1648813860000,74.6300,74.7200,74.5000,74.6300,1395.8,1648813919999
1648813920000,74.6600,74.8000,74.4800,74.8000,2263.9,1648813979999
1648813980000,74.7500,74.9900,74.7400,74.8700,2090.8,1648814039999
1648814040000,74.8700,75.1900,74.7900,75.0300,3982.3,1648814099999
1648814100000,75.0600,75.3500,75.0300,75.2300,2805.5,1648814159999
1648814160000,75.2700,75.4000,75.0400,75.2400,2724.1,1648814219999
1648814220000,75.2300,75.2500,74.3600,74.3900,3344.3,1648814279999
1648814280000,74.4000,74.6900,73.6400,73.8100,4904.1,1648814339999
1648814340000,73.8000,74.1000,73.6700,73.8800,2170.7,1648814399999
1648814400000,73.8400,74.8700,73.8300,74.0000,3574.5,1648814459999
1648814460000,74.0000,74.5200,73.8600,74.3400,3316.5,1648814519999
1648814520000,74.2700,74.9000,74.2700,74.6500,3724.1,1648814579999
1648814580000,74.6400,76.7000,74.5000,76.5200,8028.2,1648814639999
1648814640000,76.5200,77.4700,75.7000,76.8300,17668.1,1648814699999
1648814700000,76.8900,77.4500,76.1600,77.0600,8718.2,1648814759999
1648814760000,77.0600,77.7700,76.9300,77.5100,8290.5,1648814819999
1648814820000,77.5100,77.6600,76.5000,77.2200,9218.9,1648814879999
1648814880000,77.2600,78.7500,77.2200,78.3600,11012.7,1648814939999
1648814940000,78.4200,78.4200,77.7100,77.9500,6524.6,1648814999999
1648815000000,77.9400,78.2200,77.0300,78.0300,8593.3,1648815059999
1648815060000,78.0400,79.1200,78.0000,78.9700,9773.5,1648815119999
1648815120000,79.0000,79.2100,78.0100,79.0000,11106.1,1648815179999
1648815180000,79.0000,79.0900,77.8200,77.8200,10300.7,1648815239999
1648815240000,77.8200,78.9100,77.3000,78.2000,11012.3,1648815299999
1648815300000,78.1600,78.4700,77.5100,77.6700,6844.6,1648815359999
1648815360000,77.6600,77.7000,76.4200,77.2200,11199.0,1648815419999
1648815420000,77.2200,77.9900,77.2100,77.9300,4264.9,1648815479999
1648815480000,77.9100,77.9500,77.0000,77.4900,5254.2,1648815539999
1648815540000,77.4100,77.4800,76.5000,76.5700,5391.8,1648815599999
1648815600000,76.6500,77.6500,76.5600,77.0300,4344.2,1648815659999
1648815660000,77.0300,77.1600,76.0000,76.1200,7003.4,1648815719999
1648815720000,76.1300,77.0700,76.1100,76.9800,4339.2,1648815779999
1648815780000,76.9700,78.4000,76.9500,77.4200,8202.1,1648815839999
1648815840000,77.4200,78.1700,77.0700,77.5100,4198.6,1648815899999
1648815900000,77.5100,77.5100,76.5600,76.6900,4231.6,1648815959999
1648815960000,76.6200,77.6400,76.5100,77.4200,2943.5,1648816019999
1648816020000,77.4300,77.5600,77.0000,77.5500,1847.4,1648816079999
1648816080000,77.5300,78.0000,77.4200,77.6900,3752.0,1648816139999
1648816140000,77.6900,78.1800,77.6300,78.0900,3035.8,1648816199999
1648816200000,78.0900,78.1200,77.0000,77.6400,3459.1,1648816259999
1648816260000,77.6000,78.0700,77.0000,77.3300,4214.5,1648816319999
1648816320000,77.3400,77.4300,76.5800,77.2100,3775.0,1648816379999
1648816380000,77.2200,77.2200,76.0100,76.5400,4289.4,1648816439999
1648816440000,76.6000,77.0600,76.2100,76.3600,2853.2,1648816499999
1648816500000,76.3600,76.9900,76.1000,76.8000,2620.2,1648816559999
1648816560000,76.8000,77.5000,76.8000,77.3500,3442.3,1648816619999
1648816620000,77.3500,77.3600,76.5300,76.6200,1545.0,1648816679999
1648816680000,76.5500,76.9900,76.3100,76.8800,1961.2,1648816739999
1648816740000,76.9100,77.3200,76.7500,76.8600,2074.4,1648816799999
1648816800000,76.8600,77.3700,76.8600,77.2600,1357.4,1648816859999
1648816860000,77.2600,77.3100,76.8400,76.9100,1547.8,1648816919999
1648816920000,76.8600,76.9200,76.4000,76.5800,2259.0,1648816979999
1648816980000,76.5800,76.9600,76.5000,76.9000,1793.5,1648817039999
1648817040000,76.9000,77.4100,76.7000,77.3200,2453.9,1648817099999
1648817100000,77.3200,77.8900,76.8700,77.4700,5043.2,1648817159999
1648817160000,77.4700,77.7900,77.0100,77.0100,3111.7,1648817219999
1648817220000,77.1100,77.5000,77.0000,77.0200,2142.0,1648817279999
1648817280000,77.0200,77.0200,76.5400,76.9100,2098.0,1648817339999
1648817340000,76.9600,77.5700,76.9600,77.1700,1846.2,1648817399999
1648817400000,77.1800,77.5900,77.0100,77.3600,1805.1,1648817459999
1648817460000,77.3600,77.6800,77.1000,77.3100,1698.5,1648817519999
1648817520000,77.3100,77.3400,76.5500,76.8000,2212.6,1648817579999
1648817580000,76.8000,77.0000,76.6900,76.8700,1013.2,1648817639999
1648817640000,76.8200,77.5000,76.7800,77.3500,1387.6,1648817699999
1648817700000,77.2900,78.0800,77.2900,77.8400,4673.7,1648817759999
1648817760000,77.8500,78.6100,77.8200,78.3300,5009.4,1648817819999
1648817820000,78.2500,78.3800,77.8000,78.1300,3349.6,1648817879999
1648817880000,78.1700,78.2800,77.3800,77.9500,3359.6,1648817939999
1648817940000,78.0300,78.2900,77.4200,78.2900,2848.5,1648817999999
1648818000000,78.2000,78.7800,77.9500,78.5200,4789.5,1648818059999
1648818060000,78.5400,78.6400,77.9300,78.2700,3400.5,1648818119999
1648818120000,78.3400,78.5000,77.5500,77.7900,3015.0,1648818179999
1648818180000,77.7900,78.0000,77.2200,77.9300,3498.4,1648818239999
1648818240000,77.9300,77.9300,77.5100,77.6000,1535.2,1648818299999
1648818300000,77.6000,77.8300,77.3200,77.5100,1746.8,1648818359999
1648818360000,77.5700,77.7200,77.3500,77.5200,805.2,1648818419999
1648818420000,77.4800,77.6400,77.2200,77.4200,2026.5,1648818479999
1648818480000,77.3800,77.4900,77.0000,77.0500,3964.6,1648818539999
1648818540000,77.0400,77.0400,74.1600,75.2800,22027.8,1648818599999
1648818600000,75.3100,75.4700,74.8100,75.3600,7824.0,1648818659999
1648818660000,75.3600,75.7700,75.0800,75.1800,3837.2,1648818719999
1648818720000,75.2100,75.5000,72.6100,73.8400,20208.7,1648818779999
1648818780000,73.9000,74.4000,73.5100,74.0800,7675.4,1648818839999
1648818840000,74.0200,74.5800,73.8100,74.2800,4013.2,1648818899999
1648818900000,74.2800,74.6600,73.7400,74.6000,3516.7,1648818959999
1648818960000,74.5600,74.6900,74.0100,74.5700,2531.8,1648819019999
1648819020000,74.5700,74.8700,74.5100,74.6600,2872.4,1648819079999
1648819080000,74.7300,75.0800,74.7300,75.0500,3044.1,1648819139999
1648819140000,75.0500,75.3600,74.6200,74.7400,2828.0,1648819199999
1648819200000,74.7600,75.1000,74.1400,74.1900,2921.5,1648819259999
1648819260000,74.1600,74.9300,74.0500,74.5100,2136.2,1648819319999
1648819320000,74.5100,75.0000,74.5000,74.9600,1286.0,1648819379999
1648819380000,74.9600,75.0800,74.6300,74.7100,990.5,1648819439999
1648819440000,74.7100,75.1300,74.6800,74.9500,1116.9,1648819499999
1648819500000,75.0500,75.1100,74.9000,75.0000,1261.3,1648819559999
1648819560000,75.0000,75.0000,74.5100,74.5500,1582.7,1648819619999
1648819620000,74.5500,75.0000,74.4900,74.8900,1689.7,1648819679999
1648819680000,74.9000,75.0000,74.7800,74.8100,739.1,1648819739999
1648819740000,74.7800,75.0000,74.7500,74.9000,877.2,1648819799999
1648819800000,74.8900,75.4900,74.7800,75.2700,2468.7,1648819859999
1648819860000,75.2700,75.3600,75.0800,75.2700,1121.7,1648819919999
1648819920000,75.2600,75.6500,75.2000,75.2800,2549.1,1648819979999
1648819980000,75.2800,75.4400,75.0500,75.3000,1478.7,1648820039999
1648820040000,75.2900,75.3600,75.0000,75.1900,1775.5,1648820099999
1648820100000,75.1700,75.2000,74.5000,74.7400,2208.8,1648820159999
1648820160000,74.7400,74.9900,74.6500,74.8600,710.8,1648820219999
1648820220000,74.8600,75.0000,71.0000,72.6700,20651.6,1648820279999
1648820280000,72.6400,72.7500,70.9700,72.1000,17471.8,1648820339999
1648820340000,72.1000,72.8300,71.9500,72.0100,6967.3,1648820399999
1648820400000,71.9500,72.6700,71.8000,72.1800,4116.6,1648820459999
1648820460000,72.1800,72.5900,71.7300,72.4000,4693.2,1648820519999
1648820520000,72.3700,73.0000,72.2600,72.6400,3483.1,1648820579999
1648820580000,72.6800,72.9900,72.3100,72.9900,2281.0,1648820639999
1648820640000,72.9900,73.0400,72.8200,72.9000,1637.2,1648820699999
1648820700000,72.9000,72.9500,72.2200,72.3300,2579.2,1648820759999
1648820760000,72.3000,72.4600,72.0000,72.3100,3322.5,1648820819999
1648820820000,72.2700,72.4500,71.8100,72.1400,2689.6,1648820879999
1648820880000,72.1200,72.2700,71.8500,72.2000,2420.7,1648820939999
1648820940000,72.2100,72.5600,72.2000,72.4600,2410.4,1648820999999
1648821000000,72.4200,72.5600,72.1800,72.5000,2132.7,1648821059999
1648821060000,72.5000,72.9900,72.4700,72.6600,1972.0,1648821119999
1648821120000,72.6700,72.7000,72.0200,72.5600,2135.7,1648821179999
1648821180000,72.5600,73.0000,72.3800,72.9900,2108.8,1648821239999
1648821240000,72.9300,73.0700,72.6000,72.8800,1818.8,1648821299999
1648821300000,72.8700,73.2300,72.7200,73.1000,1877.2,1648821359999
1648821360000,73.0900,73.3100,72.9500,73.2900,1800.9,1648821419999
1648821420000,73.2800,73.3900,73.0500,73.1200,2052.2,1648821479999
1648821480000,73.1300,73.2700,72.9300,73.2700,1363.4,1648821539999
1648821540000,73.2800,73.6700,73.2700,73.5800,2188.7,1648821599999
1648821600000,73.5200,73.6400,73.0000,73.0100,4364.5,1648821659999
1648821660000,73.0900,73.3100,72.9600,73.1200,4301.1,1648821719999
1648821720000,73.1200,73.2900,73.0000,73.2500,886.3,1648821779999
1648821780000,73.2400,73.3000,73.1300,73.1700,581.8,1648821839999
1648821840000,73.1500,73.2500,72.9100,72.9600,1192.3,1648821899999
1648821900000,72.9700,73.2600,72.9100,73.1900,635.6,1648821959999
1648821960000,73.1700,73.4900,73.0100,73.4400,588.0,1648822019999
1648822020000,73.4900,73.5700,73.1400,73.1900,628.5,1648822079999
1648822080000,73.1900,73.3200,73.1200,73.2500,437.2,1648822139999
1648822140000,73.2600,73.3200,73.1300,73.1500,550.3,1648822199999
1648822200000,73.1500,73.1900,72.2600,72.2700,2506.0,1648822259999
1648822260000,72.3200,72.5100,72.0100,72.0600,3380.1,1648822319999
1648822320000,72.1000,72.2800,72.0000,72.1400,3064.2,1648822379999
1648822380000,72.1400,72.6300,72.0000,72.0500,2363.6,1648822439999
1648822440000,72.1100,72.4200,72.0000,72.0700,1833.2,1648822499999
1648822500000,72.0600,72.4500,71.4600,72.2500,4334.0,1648822559999
1648822560000,72.2600,72.3500,72.1200,72.3100,735.4,1648822619999
1648822620000,72.3300,72.7100,72.3200,72.7000,2366.3,1648822679999
1648822680000,72.7100,73.1000,72.5900,72.6700,2209.8,1648822739999
1648822740000,72.7300,72.9600,72.6200,72.7200,1264.7,1648822799999
1648822800000,72.7600,72.9000,72.6200,72.7700,931.7,1648822859999
1648822860000,72.7800,72.9100,72.6900,72.9100,444.4,1648822919999
1648822920000,72.8600,72.9300,72.7100,72.7900,948.5,1648822979999
1648822980000,72.8200,73.1000,72.7800,73.1000,965.0,1648823039999
1648823040000,73.1000,73.4300,73.0800,73.4300,1108.1,1648823099999
1648823100000,73.3700,73.3900,72.8000,73.2600,1283.4,1648823159999
1648823160000,73.3300,73.6900,73.1600,73.6500,1329.7,1648823219999
1648823220000,73.6100,73.6500,73.3600,73.3600,760.4,1648823279999
1648823280000,73.3700,73.5400,73.3700,73.4900,347.8,1648823339999
1648823340000,73.4900,73.4900,72.8000,72.8800,1460.8,1648823399999
1648823400000,72.9100,73.0500,72.6800,72.9600,1622.0,1648823459999
1648823460000,72.9100,73.7400,72.9100,73.6000,1529.3,1648823519999
1648823520000,73.5900,73.8900,73.5600,73.8900,1770.6,1648823579999
1648823580000,73.8900,74.4300,73.8200,74.3500,3238.0,1648823639999
1648823640000,74.4000,74.5600,74.2200,74.2200,3610.0,1648823699999
1648823700000,74.2200,74.4000,73.7800,73.8100,2018.0,1648823759999
1648823760000,73.7800,74.3900,73.7000,74.3000,1592.2,1648823819999
1648823820000,74.3300,75.1000,74.2500,74.9100,4405.9,1648823879999
1648823880000,74.8900,75.4700,74.6200,75.2200,3456.4,1648823939999
1648823940000,75.2100,75.4900,74.2400,74.8200,4112.4,1648823999999
1648824000000,74.7500,74.8000,74.3700,74.6200,2216.3,1648824059999
1648824060000,74.6700,75.2000,74.4700,75.0800,975.7,1648824119999
1648824120000,75.0700,75.4200,75.0100,75.1100,2173.6,1648824179999
1648824180000,75.1100,75.1100,74.3100,74.6900,2413.0,1648824239999
1648824240000,74.6100,74.8400,74.3000,74.3200,1532.2,1648824299999
1648824300000,74.3100,75.9000,74.2000,75.7700,4106.6,1648824359999
1648824360000,75.7100,78.0000,75.4100,77.5100,13665.7,1648824419999
1648824420000,77.5200,77.6300,77.0100,77.1800,6607.0,1648824479999
1648824480000,77.2000,77.5000,77.1200,77.2700,3048.0,1648824539999
1648824540000,77.2600,78.5000,77.2200,78.3200,8559.9,1648824599999
1648824600000,78.4000,79.7900,78.3000,79.5900,15617.4,1648824659999
1648824660000,79.5200,79.8400,78.9100,79.4100,7446.9,1648824719999
1648824720000,79.4100,79.5700,78.1800,78.9800,9713.4,1648824779999
1648824780000,78.9700,79.4000,78.7200,79.2300,5783.8,1648824839999
1648824840000,79.2900,80.0000,79.1700,79.6400,7875.2,1648824899999
1648824900000,79.6400,79.9700,79.1200,79.5200,6469.3,1648824959999
1648824960000,79.5500,80.4000,78.9500,80.3600,14053.9,1648825019999
1648825020000,80.3900,81.5800,80.1500,80.8300,16009.1,1648825079999
1648825080000,80.8900,82.7300,80.5700,82.1700,14990.8,1648825139999
1648825140000,82.2700,82.5300,81.0500,81.5900,13635.3,1648825199999
1648825200000,81.5900,81.7000,80.4100,80.9900,12587.2,1648825259999
1648825260000,80.9900,81.0700,80.2500,80.3700,6373.5,1648825319999
1648825320000,80.3500,80.5200,80.0000,80.3200,5416.4,1648825379999
1648825380000,80.3200,80.8500,80.2900,80.6900,3424.3,1648825439999
1648825440000,80.6600,80.7600,79.5500,79.7500,6741.3,1648825499999
1648825500000,79.7500,80.6500,79.7100,80.4000,3987.0,1648825559999
1648825560000,80.4300,80.5300,79.6500,80.4000,3854.4,1648825619999
1648825620000,80.4600,80.5100,80.1000,80.1600,1332.4,1648825679999
1648825680000,80.1100,80.4000,80.1000,80.3400,1863.0,1648825739999
1648825740000,80.3400,81.5900,80.3000,81.5200,3966.4,1648825799999
1648825800000,81.5900,82.0000,80.7600,81.6000,6544.2,1648825859999
1648825860000,81.6000,81.7600,80.5400,81.0700,5062.4,1648825919999
1648825920000,81.0700,81.5800,80.6100,80.8100,3051.4,1648825979999
1648825980000,80.8100,81.6000,80.6000,81.0000,4196.2,1648826039999
1648826040000,81.0000,81.5000,80.9000,81.2400,2629.2,1648826099999
1648826100000,81.2200,82.0000,80.9100,81.9400,5329.9,1648826159999
1648826160000,81.9200,83.5400,81.9200,83.0200,14848.2,1648826219999
1648826220000,83.0200,83.7300,82.6900,83.0900,10461.1,1648826279999
1648826280000,83.1000,83.6000,82.7700,83.3500,9941.1,1648826339999
1648826340000,83.3000,83.3800,82.4900,82.5500,5659.2,1648826399999
1648826400000,82.5100,83.4400,82.3500,82.9200,5900.2,1648826459999
1648826460000,82.9900,83.4000,82.5900,83.3400,4626.5,1648826519999
1648826520000,83.3500,83.5000,82.7000,82.7100,3998.8,1648826579999
1648826580000,82.7000,83.2900,82.3100,82.6100,4899.5,1648826639999
1648826640000,82.6800,83.1100,82.5300,82.8900,2566.5,1648826699999
1648826700000,82.9200,83.2900,82.7100,83.1500,2748.9,1648826759999
1648826760000,83.1800,83.4300,82.5000,82.8800,3731.1,1648826819999
1648826820000,82.8400,82.9300,82.1000,82.5500,4785.8,1648826879999
1648826880000,82.4700,82.5300,81.5000,81.5400,6682.1,1648826939999
1648826940000,81.5500,81.6000,80.1200,80.6200,11848.7,1648826999999
1648827000000,80.6200,80.8100,79.8000,80.3300,9026.2,1648827059999
1648827060000,80.3300,80.3300,79.4300,79.8100,7783.6,1648827119999
1648827120000,79.8100,80.3400,79.7300,80.3000,7051.5,1648827179999
1648827180000,80.3000,80.3000,79.6100,80.2500,4908.8,1648827239999
1648827240000,80.1800,80.4700,79.7000,79.8000,4008.4,1648827299999
1648827300000,79.8000,79.9200,79.6000,79.6100,4654.6,1648827359999
1648827360000,79.6100,80.0000,79.5100,79.9700,2767.5,1648827419999
1648827420000,79.9600,81.0800,79.9600,81.0700,5290.5,1648827479999
1648827480000,81.0100,81.4300,80.5900,81.2200,4725.9,1648827539999
1648827540000,81.1500,81.4300,80.5900,81.3200,3290.0,1648827599999
1648827600000,81.3700,81.5000,80.4200,81.2400,3711.2,1648827659999
1648827660000,81.1800,81.2400,80.5900,80.6000,2728.5,1648827719999
1648827720000,80.6000,81.1100,80.0000,80.0000,4427.3,1648827779999
1648827780000,80.0700,80.5600,80.0000,80.4900,2526.5,1648827839999
1648827840000,80.5400,80.9400,80.1000,80.1200,1939.4,1648827899999
1648827900000,80.1900,80.7500,80.1100,80.5100,1425.5,1648827959999
1648827960000,80.5100,81.1300,80.4400,81.0400,1747.8,1648828019999
1648828020000,81.0400,81.2300,80.2600,80.6100,3199.4,1648828079999
1648828080000,80.6100,80.9400,80.5600,80.8300,1187.1,1648828139999
1648828140000,80.8300,81.3000,80.7700,81.0900,1869.0,1648828199999
1648828200000,81.0900,81.9500,81.0900,81.3800,5252.4,1648828259999
1648828260000,81.3700,81.8000,80.8500,81.4700,3956.0,1648828319999
1648828320000,81.4900,81.5600,80.6700,80.9300,2753.0,1648828379999
1648828380000,80.9400,81.5000,80.8100,81.4500,2034.1,1648828439999
1648828440000,81.4500,81.6100,81.0000,81.3700,2332.2,1648828499999
1648828500000,81.3500,81.8300,81.2100,81.6400,3207.2,1648828559999
1648828560000,81.6400,81.6600,81.0000,81.1100,2221.9,1648828619999
1648828620000,81.1600,81.1900,80.6100,80.7100,2558.4,1648828679999
1648828680000,80.7700,80.7900,80.0000,80.1300,4836.2,1648828739999
1648828740000,80.1800,80.2300,79.5900,80.1100,3044.1,1648828799999
1648828800000,80.0400,80.5500,79.9200,80.3800,2596.5,1648828859999
1648828860000,80.3700,80.4700,79.7900,80.2400,2579.2,1648828919999
1648828920000,80.3300,81.0300,79.6200,79.8100,4312.3,1648828979999
1648828980000,79.8100,80.3900,79.6700,80.1800,2467.3,1648829039999
1648829040000,80.2100,80.3400,80.0600,80.2700,1496.0,1648829099999
1648829100000,80.3200,80.3300,79.8000,79.9600,2544.7,1648829159999
1648829160000,79.9500,80.0700,78.4700,79.8800,16447.4,1648829219999
1648829220000,79.8800,81.1900,79.6300,80.3400,7795.9,1648829279999
1648829280000,80.3300,81.5900,80.3000,81.0600,5752.9,1648829339999
1648829340000,81.0600,81.5800,80.8200,81.2000,2614.7,1648829399999
1648829400000,81.2400,81.5200,80.8200,81.3500,4634.5,1648829459999
1648829460000,81.4200,81.7700,81.2600,81.4900,2741.3,1648829519999
1648829520000,81.4900,81.6800,80.9200,81.1300,2967.3,1648829579999
1648829580000,81.1000,81.3800,80.5100,81.2900,2326.6,1648829639999
1648829640000,81.3300,81.5600,80.9800,81.2100,2763.3,1648829699999
1648829700000,81.2700,81.2700,80.5300,80.8700,2254.8,1648829759999
1648829760000,80.9500,81.5900,80.8200,81.5300,2722.2,1648829819999
1648829820000,81.5300,81.5900,81.2400,81.4900,1928.1,1648829879999
1648829880000,81.4900,82.6500,81.4900,82.2000,9047.2,1648829939999
1648829940000,82.2500,82.3200,81.4100,81.8600,3874.6,1648829999999
1648830000000,81.8700,82.1900,81.1000,81.2200,4245.0,1648830059999
1648830060000,81.2200,81.8500,81.0700,81.4000,2115.8,1648830119999
1648830120000,81.4800,82.1700,81.3300,82.0800,2326.8,1648830179999
1648830180000,82.0800,82.1900,81.9300,82.1100,1967.5,1648830239999
1648830240000,82.1500,82.2000,82.0000,82.0000,2218.9,1648830299999
1648830300000,82.0300,82.4800,82.0000,82.2500,2358.6,1648830359999
1648830360000,82.2500,82.3000,82.1100,82.2300,1082.0,1648830419999
1648830420000,82.2100,82.8900,82.1300,82.8900,3077.6,1648830479999
1648830480000,82.8800,82.9500,82.1300,82.8400,3461.5,1648830539999
1648830540000,82.9100,84.1700,82.8500,83.5500,7145.7,1648830599999
1648830600000,83.5800,84.0300,83.5200,83.9300,4998.0,1648830659999
1648830660000,83.9500,84.0900,82.6000,82.6500,6987.0,1648830719999
1648830720000,82.6100,84.9200,82.5200,84.1700,9440.4,1648830779999
1648830780000,84.1600,84.4200,83.6700,84.2500,5016.9,1648830839999
1648830840000,84.2600,84.7000,83.8000,84.7000,4379.5,1648830899999
1648830900000,84.6600,84.9700,83.8800,84.8600,5490.7,1648830959999
1648830960000,84.8600,85.0000,84.3400,84.3900,4548.1,1648831019999
1648831020000,84.3800,84.4200,83.5000,83.8900,6230.2,1648831079999
1648831080000,83.9500,84.1600,83.7700,83.9200,2629.4,1648831139999
1648831140000,83.9200,84.4800,83.8500,83.9700,3005.8,1648831199999
1648831200000,84.0000,84.0800,81.9900,82.6100,8209.9,1648831259999
1648831260000,82.5800,82.9800,81.5100,82.6600,8663.5,1648831319999
1648831320000,82.6600,82.8700,82.0700,82.4000,2915.3,1648831379999
1648831380000,82.4000,82.4500,82.0000,82.1000,1991.5,1648831439999
1648831440000,82.0700,82.5800,81.8000,82.5800,2278.2,1648831499999
1648831500000,82.5800,82.8700,82.0200,82.1100,1724.5,1648831559999
1648831560000,82.1100,82.5000,81.2300,81.9600,4174.9,1648831619999
1648831620000,81.9600,81.9600,80.4500,81.1700,6840.8,1648831679999
1648831680000,81.1800,81.5200,80.6400,80.7300,4081.9,1648831739999
1648831740000,80.7800,81.5700,80.7800,81.1100,2653.6,1648831799999
1648831800000,81.0700,81.5900,80.8900,81.2900,1846.5,1648831859999
1648831860000,81.1800,81.4500,80.8600,81.0600,1635.8,1648831919999
1648831920000,81.0400,81.4200,80.6700,80.6700,2374.7,1648831979999
1648831980000,80.6900,80.9400,79.9600,80.4000,5835.5,1648832039999
1648832040000,80.3400,80.6100,80.0300,80.5100,2153.5,1648832099999
1648832100000,80.5100,80.5600,80.1900,80.3000,1692.1,1648832159999
1648832160000,80.3600,80.8000,80.0200,80.2100,2488.8,1648832219999
1648832220000,80.2000,80.8000,80.2000,80.7100,1530.8,1648832279999
1648832280000,80.7200,81.1200,80.4800,80.7800,2030.7,1648832339999
1648832340000,80.7800,80.8700,80.3900,80.6300,1259.6,1648832399999
1648832400000,80.5600,80.7500,80.4100,80.6500,1094.8,1648832459999
1648832460000,80.7100,80.7200,79.5600,80.3700,5035.6,1648832519999
1648832520000,80.2500,80.6800,79.9300,80.4100,2282.4,1648832579999
1648832580000,80.4400,80.5200,80.2100,80.4500,846.6,1648832639999
1648832640000,80.4200,80.7000,80.4200,80.5200,1095.2,1648832699999
1648832700000,80.5300,81.5000,80.4900,80.8800,2722.9,1648832759999
1648832760000,80.8700,81.5000,80.8700,81.3200,2344.7,1648832819999
1648832820000,81.2900,81.4300,80.7500,80.9100,2061.3,1648832879999
1648832880000,80.9100,81.3400,80.9100,81.0000,1337.1,1648832939999
1648832940000,81.0000,81.3800,80.3800,81.1100,2674.0,1648832999999
1648833000000,81.0500,81.3200,81.0100,81.2100,904.4,1648833059999
1648833060000,81.2800,81.5000,81.1900,81.2100,1250.5,1648833119999
1648833120000,81.2600,81.3400,80.6900,80.9100,1274.5,1648833179999
1648833180000,80.9600,81.0000,80.8500,80.9000,464.6,1648833239999
1648833240000,80.8900,81.4500,80.8100,81.3500,655.7,1648833299999
1648833300000,81.4400,81.4900,81.0100,81.2800,1305.0,1648833359999
1648833360000,81.3000,82.2400,81.2300,82.2300,3419.8,1648833419999
1648833420000,82.2300,82.3600,81.5000,81.9600,4241.4,1648833479999
1648833480000,81.8600,82.2000,81.6500,81.9100,1677.5,1648833539999
1648833540000,81.8900,82.1400,81.8300,81.9800,808.8,1648833599999
1648833600000,81.9800,82.0400,81.6000,81.9600,1653.3,1648833659999
1648833660000,81.9500,82.2800,81.7100,81.7600,1768.4,1648833719999
1648833720000,81.7000,82.0000,81.6600,81.8300,738.3,1648833779999
1648833780000,81.8300,82.3000,81.7200,81.8500,1506.9,1648833839999
1648833840000,81.9200,82.0900,81.7000,81.8900,1226.5,1648833899999
1648833900000,81.8900,82.0000,81.8200,81.9900,649.3,1648833959999
1648833960000,81.9900,82.1400,81.9000,82.1400,552.7,1648834019999
1648834020000,82.0400,82.0400,80.9400,81.2400,3851.8,1648834079999
1648834080000,81.2200,81.3600,80.2700,80.4500,3898.6,1648834139999
1648834140000,80.4300,80.8200,80.2100,80.4500,1963.2,1648834199999
1648834200000,80.4600,80.5600,80.2200,80.2500,1630.4,1648834259999
1648834260000,80.2600,80.5900,79.6400,80.0900,3803.2,1648834319999
1648834320000,80.0900,80.4700,80.0900,80.4600,1207.7,1648834379999
1648834380000,80.4400,80.4600,80.2300,80.4300,909.5,1648834439999
1648834440000,80.4200,80.4400,80.2700,80.3200,510.0,1648834499999
1648834500000,80.3200,80.4700,80.2900,80.3700,953.9,1648834559999
1648834560000,80.3500,80.4400,80.2300,80.2900,786.7,1648834619999
1648834620000,80.2700,80.3000,79.6100,79.8700,2785.7,1648834679999
1648834680000,79.9500,80.0000,79.5700,79.6300,2464.7,1648834739999
1648834740000,79.6300,80.2200,79.5700,80.0000,1517.2,1648834799999
1648834800000,79.9900,80.1200,79.9200,80.0900,895.8,1648834859999
1648834860000,80.0700,80.3300,80.0400,80.3300,868.9,1648834919999
1648834920000,80.3300,80.4400,80.1100,80.2000,1127.4,1648834979999
1648834980000,80.2000,80.5300,80.1200,80.3800,1010.5,1648835039999
1648835040000,80.4200,80.4600,80.3000,80.4500,861.3,1648835099999
1648835100000,80.4400,80.6000,80.1000,80.1000,2178.5,1648835159999
1648835160000,80.1200,80.3800,79.9700,80.3200,940.8,1648835219999
1648835220000,80.3200,80.7500,80.2800,80.7000,1856.9,1648835279999
1648835280000,80.6500,80.7000,80.5000,80.5300,722.5,1648835339999
1648835340000,80.5200,80.5800,80.1100,80.4300,667.3,1648835399999
1648835400000,80.4100,80.4100,80.0300,80.2600,815.1,1648835459999
1648835460000,80.2200,80.5700,80.0000,80.2700,1378.0,1648835519999
1648835520000,80.2700,80.6600,80.2600,80.4600,779.2,1648835579999
1648835580000,80.4600,80.5900,80.2000,80.3800,713.1,1648835639999
1648835640000,80.3800,80.4000,80.0000,80.2300,678.6,1648835699999
1648835700000,80.2200,80.2600,79.8300,80.0600,733.1,1648835759999
1648835760000,80.0600,80.1000,79.5000,79.6900,1868.9,1648835819999
1648835820000,79.7200,79.8900,79.2300,79.3800,2436.9,1648835879999
1648835880000,79.4300,79.7500,79.1800,79.5800,1848.5,1648835939999
1648835940000,79.6400,80.0600,79.5300,79.8900,1132.1,1648835999999
1648836000000,79.9000,80.4800,79.4100,79.5900,1799.4,1648836059999
1648836060000,79.5700,79.8700,79.2000,79.6200,1209.7,1648836119999
1648836120000,79.6700,79.7800,79.5400,79.6600,436.7,1648836179999
1648836180000,79.6500,79.9100,79.5400,79.8200,550.5,1648836239999
1648836240000,79.8500,80.2300,79.7600,79.9500,1240.0,1648836299999
1648836300000,79.9600,80.0400,79.7600,79.9000,442.3,1648836359999
1648836360000,79.9000,80.2900,79.8900,80.0900,650.8,1648836419999
1648836420000,80.0900,80.2900,79.9600,80.0900,780.4,1648836479999
1648836480000,80.0700,80.6900,80.0700,80.4400,1670.9,1648836539999
1648836540000,80.4900,80.9200,80.2500,80.4300,1784.0,1648836599999
1648836600000,80.4700,80.7500,80.2500,80.6000,675.1,1648836659999
1648836660000,80.5200,80.7100,80.3700,80.5300,651.1,1648836719999
1648836720000,80.5700,80.8800,80.0800,80.1900,1011.7,1648836779999
1648836780000,80.2300,80.6400,80.0200,80.1600,1255.3,1648836839999
1648836840000,80.1000,80.9700,79.9000,80.7100,1406.0,1648836899999
1648836900000,80.7000,81.4300,80.4200,81.3700,2517.8,1648836959999
1648836960000,81.3800,81.3800,80.8300,80.9900,1159.1,1648837019999
1648837020000,80.9300,80.9700,80.3200,80.6400,965.5,1648837079999
1648837080000,80.5900,80.6400,80.4200,80.4500,396.3,1648837139999
1648837140000,80.4500,80.4600,80.3000,80.3900,407.7,1648837199999
1648837200000,80.4100,80.4300,80.1200,80.1800,483.1,1648837259999
1648837260000,80.1300,80.2300,80.0700,80.0700,374.0,1648837319999
1648837320000,80.1300,80.2000,80.0000,80.0000,498.1,1648837379999
1648837380000,80.0700,80.1900,79.9900,80.0500,758.9,1648837439999
1648837440000,80.0500,80.1000,80.0100,80.0600,386.9,1648837499999
1648837500000,80.1000,80.1100,80.0000,80.0000,496.4,1648837559999
1648837560000,80.0200,80.1100,79.6600,79.8100,1833.1,1648837619999
1648837620000,79.7800,79.8900,79.6400,79.7000,847.2,1648837679999
1648837680000,79.7000,79.7900,79.6400,79.7200,632.7,1648837739999
1648837740000,79.7200,80.6900,79.6900,80.3400,988.9,1648837799999
1648837800000,80.3800,80.4300,79.9400,80.4100,694.5,1648837859999
1648837860000,80.3500,80.4300,80.1200,80.2200,278.0,1648837919999
1648837920000,80.2400,80.6200,80.2100,80.6100,670.7,1648837979999
1648837980000,80.5500,80.7900,80.5300,80.7200,839.2,1648838039999
1648838040000,80.7300,80.8800,80.7100,80.7700,868.2,1648838099999
1648838100000,80.7900,80.8500,80.7300,80.8000,436.2,1648838159999
1648838160000,80.7600,80.7800,80.4200,80.4200,842.2,1648838219999
1648838220000,80.4200,80.8900,80.1600,80.7700,1273.1,1648838279999
1648838280000,80.7800,81.6900,80.5300,81.5300,3529.6,1648838339999
1648838340000,81.5800,82.0000,81.4500,81.9000,2409.8,1648838399999
1648838400000,81.9200,82.0000,81.2100,81.5000,1928.8,1648838459999
1648838460000,81.4700,81.4700,80.7500,80.8700,1024.8,1648838519999
1648838520000,80.8300,80.9000,80.7800,80.8900,794.3,1648838579999
1648838580000,80.8900,80.9000,80.7000,80.7100,562.1,1648838639999
1648838640000,80.7100,80.7800,80.6800,80.7000,594.9,1648838699999
1648838700000,80.6800,80.7000,80.3200,80.5300,1810.1,1648838759999
1648838760000,80.5300,80.6900,80.3100,80.6100,1162.2,1648838819999
1648838820000,80.6100,81.3700,80.6100,81.1400,1373.8,1648838879999
1648838880000,81.2000,81.2200,80.9400,81.1000,521.0,1648838939999
1648838940000,81.0800,81.1400,80.8100,81.0500,715.7,1648838999999
1648839000000,81.0100,81.5200,80.8600,81.0300,1429.3,1648839059999
1648839060000,81.0800,81.5300,81.0700,81.4500,1010.7,1648839119999
1648839120000,81.5000,81.6200,81.2800,81.4100,1082.2,1648839179999
1648839180000,81.4100,81.4500,81.2000,81.3100,676.6,1648839239999
1648839240000,81.3400,81.3400,81.1200,81.1600,571.1,1648839299999
1648839300000,81.1500,81.6200,81.1300,81.5800,765.3,1648839359999
1648839360000,81.5800,81.6100,81.3000,81.5300,715.7,1648839419999
1648839420000,81.5200,81.5700,81.3100,81.4700,728.4,1648839479999
1648839480000,81.4600,81.4800,81.3500,81.3500,417.6,1648839539999
1648839540000,81.3500,81.4800,81.3500,81.3800,249.6,1648839599999
1648839600000,81.3800,81.4300,81.1400,81.3400,927.9,1648839659999
1648839660000,81.2200,81.9800,81.2200,81.2700,2195.1,1648839719999
1648839720000,81.2600,81.9500,81.2600,81.7500,1065.1,1648839779999
1648839780000,81.7000,81.7900,81.6100,81.7900,331.1,1648839839999
1648839840000,81.8000,82.0000,81.7500,82.0000,947.0,1648839899999
1648839900000,82.0000,82.3100,81.5300,82.1000,4013.1,1648839959999
1648839960000,82.0700,82.1700,81.8200,82.1100,1130.8,1648840019999
1648840020000,82.0700,82.3000,81.9600,82.2900,1335.8,1648840079999
1648840080000,82.2700,82.3000,82.0500,82.1500,1586.0,1648840139999
1648840140000,82.2000,82.4000,82.0500,82.1900,1824.2,1648840199999
1648840200000,82.1600,82.2400,81.6700,81.9300,1916.9,1648840259999
1648840260000,81.9800,82.0700,81.5500,81.6200,1241.6,1648840319999
1648840320000,81.5600,81.6600,81.1200,81.5000,1698.5,1648840379999
1648840380000,81.5000,81.5200,81.3000,81.4100,860.2,1648840439999
1648840440000,81.4300,81.5000,81.3900,81.4800,368.3,1648840499999
1648840500000,81.4400,81.5100,81.2500,81.2500,681.1,1648840559999
1648840560000,81.3100,81.3700,81.1200,81.2300,1323.2,1648840619999
1648840620000,81.1400,81.2400,80.5400,80.8000,2436.0,1648840679999
1648840680000,80.8800,81.2500,80.6300,81.2400,1244.1,1648840739999
1648840740000,81.2300,81.5100,81.0000,81.0200,1027.9,1648840799999
1648840800000,81.0200,81.5000,80.9300,81.2800,927.4,1648840859999
1648840860000,81.2700,81.2800,80.8700,80.9700,674.2,1648840919999
1648840920000,80.9600,81.4400,80.8000,81.0700,1110.7,1648840979999
1648840980000,81.0000,81.2300,80.9200,81.2200,443.0,1648841039999
1648841040000,81.2200,81.3300,81.0600,81.2500,455.9,1648841099999
1648841100000,81.2600,81.3800,81.0500,81.1700,566.6,1648841159999
1648841160000,81.1700,81.2600,81.0200,81.0500,757.7,1648841219999
1648841220000,81.0900,81.1400,81.0200,81.0900,123.2,1648841279999
1648841280000,81.0700,81.2400,81.0200,81.1500,178.6,1648841339999
1648841340000,81.1600,81.3800,81.1600,81.3300,574.5,1648841399999
1648841400000,81.3500,81.3900,80.2900,80.5600,1441.3,1648841459999
1648841460000,80.6000,81.1800,80.6000,80.7400,898.2,1648841519999
1648841520000,80.7800,81.0100,80.6200,80.7000,488.9,1648841579999
1648841580000,80.6300,80.9400,80.5700,80.8100,749.2,1648841639999
1648841640000,80.7400,80.8500,80.5300,80.5300,327.5,1648841699999
1648841700000,80.6000,80.8300,80.5300,80.6700,644.3,1648841759999
1648841760000,80.6500,80.9200,80.1400,80.3800,1417.9,1648841819999
1648841820000,80.3800,80.6800,80.1300,80.5200,654.2,1648841879999
1648841880000,80.5200,80.5600,80.3000,80.3400,531.9,1648841939999
1648841940000,80.3400,80.4900,80.2200,80.4000,756.9,1648841999999
1648842000000,80.4000,80.5000,80.2400,80.4700,521.9,1648842059999
1648842060000,80.4700,80.4900,80.2700,80.4900,282.2,1648842119999
1648842120000,80.5000,80.5000,80.3100,80.4000,214.9,1648842179999
1648842180000,80.4000,80.9100,80.4000,80.8100,856.7,1648842239999
1648842240000,80.8900,81.0000,80.7200,80.9500,735.3,1648842299999
1648842300000,80.9300,81.6100,80.8900,81.0500,2105.0,1648842359999
1648842360000,81.1600,81.5400,81.1100,81.4900,530.4,1648842419999
1648842420000,81.5300,81.8400,81.1900,81.2800,1746.6,1648842479999
1648842480000,81.2600,81.7000,81.1200,81.4500,870.3,1648842539999
1648842540000,81.5000,81.5000,81.0800,81.3100,228.8,1648842599999
1648842600000,81.3000,81.5300,80.8900,81.5200,855.7,1648842659999
1648842660000,81.5300,81.7500,81.2200,81.4800,702.5,1648842719999
1648842720000,81.4900,81.5700,81.2200,81.3500,385.2,1648842779999
1648842780000,81.3300,81.5200,81.3200,81.4200,337.9,1648842839999
1648842840000,81.4200,81.4200,80.9200,81.2200,475.3,1648842899999
1648842900000,81.1800,81.2200,81.0200,81.0600,419.6,1648842959999
1648842960000,81.1300,81.1400,80.9100,80.9300,218.7,1648843019999
1648843020000,80.9200,80.9800,80.9000,80.9800,305.2,1648843079999
1648843080000,80.9800,81.1200,80.9800,81.0300,176.0,1648843139999
1648843140000,81.0000,81.1200,80.9600,81.0500,137.7,1648843199999
1648843200000,81.0700,81.1000,80.9800,81.0200,276.1,1648843259999
1648843260000,80.9800,81.0500,80.7600,80.9800,704.5,1648843319999
1648843320000,81.0000,81.7300,81.0000,81.3700,1334.2,1648843379999
1648843380000,81.3800,81.5900,80.7000,80.8200,1123.1,1648843439999
1648843440000,80.8200,80.8600,80.3600,80.5200,1138.8,1648843499999
1648843500000,80.5200,80.8000,80.4600,80.6000,597.7,1648843559999
1648843560000,80.6500,80.7900,80.5300,80.6300,203.5,1648843619999
1648843620000,80.6700,81.2300,80.6600,80.8800,1209.8,1648843679999
1648843680000,80.8800,80.9900,80.7800,80.8800,497.3,1648843739999
1648843740000,80.8500,81.1400,80.8500,81.0500,673.5,1648843799999
1648843800000,81.0100,81.1500,80.9500,81.0200,441.2,1648843859999
1648843860000,81.0200,81.3700,80.8900,81.0200,554.4,1648843919999
1648843920000,81.0100,81.0700,80.4500,80.8300,675.1,1648843979999
1648843980000,80.7600,80.8600,80.6900,80.8300,153.9,1648844039999
1648844040000,80.8000,80.8200,80.6700,80.7600,392.4,1648844099999
1648844100000,80.7800,80.8100,80.6400,80.7600,205.4,1648844159999
1648844160000,80.7600,81.3000,80.7400,80.9200,1049.5,1648844219999
1648844220000,80.9500,81.1800,80.8300,80.9700,351.5,1648844279999
1648844280000,80.9200,81.0600,80.8900,80.9900,281.6,1648844339999
1648844340000,81.0500,81.4000,80.9300,81.1100,960.7,1648844399999
1648844400000,81.0800,81.3000,80.8500,80.9200,837.4,1648844459999
1648844460000,80.9200,81.0200,80.8200,81.0200,346.5,1648844519999
1648844520000,81.0100,81.4000,80.8800,81.3300,660.9,1648844579999
1648844580000,81.3500,81.7700,81.2400,81.4400,1099.3,1648844639999
1648844640000,81.4800,81.5700,81.3500,81.3800,876.5,1648844699999
1648844700000,81.4000,81.4700,81.0100,81.2400,945.2,1648844759999
1648844760000,81.2700,81.8500,81.1600,81.6200,886.5,1648844819999
1648844820000,81.6200,81.6800,81.4200,81.5200,664.9,1648844879999
1648844880000,81.4800,81.5200,81.2000,81.3300,748.3,1648844939999
1648844940000,81.3300,81.5600,81.2300,81.3800,365.4,1648844999999
1648845000000,81.4400,81.5500,81.3800,81.5200,211.1,1648845059999
1648845060000,81.5500,81.5700,81.4000,81.5600,377.3,1648845119999
1648845120000,81.5200,81.5700,81.3600,81.4000,356.3,1648845179999
1648845180000,81.4000,81.4900,81.3300,81.3800,332.8,1648845239999
1648845240000,81.3200,81.3700,81.2000,81.2600,220.0,1648845299999
1648845300000,81.2200,81.3200,81.2000,81.3200,227.4,1648845359999
1648845360000,81.2800,81.5200,81.2800,81.3600,397.3,1648845419999
1648845420000,81.3400,81.4400,81.3400,81.3600,342.8,1648845479999
1648845480000,81.3600,81.4500,81.3400,81.4500,237.4,1648845539999
1648845540000,81.4400,81.5000,81.4200,81.5000,295.5,1648845599999
1648845600000,81.4800,82.2500,81.4600,82.2100,2621.6,1648845659999
1648845660000,82.2200,82.4000,81.8200,82.3200,2049.8,1648845719999
1648845720000,82.3000,82.4400,82.0800,82.1100,2292.9,1648845779999
1648845780000,82.1300,82.2000,82.0200,82.1700,582.1,1648845839999
1648845840000,82.1800,82.4600,82.0100,82.3500,1607.1,1648845899999
1648845900000,82.3500,83.0000,82.3400,82.8300,3654.7,1648845959999
1648845960000,82.8300,82.8300,82.4900,82.5600,2011.2,1648846019999
1648846020000,82.5600,82.6900,81.9100,82.1600,3017.7,1648846079999
1648846080000,82.2100,82.7800,82.2100,82.7800,1380.5,1648846139999
1648846140000,82.7800,82.9100,82.3800,82.7300,1703.3,1648846199999
1648846200000,82.7300,83.0000,82.6500,82.7400,1551.7,1648846259999
1648846260000,82.7400,83.0000,82.6300,82.9000,2193.2,1648846319999
1648846320000,82.9000,83.5400,82.8200,83.2300,3271.0,1648846379999
1648846380000,83.2000,83.9300,83.0100,83.1900,3740.9,1648846439999
1648846440000,83.1400,83.7400,83.1200,83.6200,1977.6,1648846499999
1648846500000,83.6100,83.9300,83.2600,83.7300,1560.0,1648846559999
1648846560000,83.7500,83.7800,83.2100,83.5000,2006.4,1648846619999
1648846620000,83.5400,83.8300,83.5200,83.6000,1846.7,1648846679999
1648846680000,83.5900,83.6200,82.7200,82.9500,3771.9,1648846739999
1648846740000,82.9000,82.9900,82.7100,82.8200,2218.7,1648846799999
1648846800000,82.7700,82.8600,82.4000,82.7300,2277.3,1648846859999
1648846860000,82.7600,83.3500,82.3700,83.2000,1826.9,1648846919999
1648846920000,83.1700,83.2000,82.6500,82.8600,1396.2,1648846979999
1648846980000,82.8600,82.8700,82.5100,82.5300,718.2,1648847039999
1648847040000,82.5300,82.7400,82.3700,82.3900,1328.7,1648847099999
1648847100000,82.3900,82.5000,82.0100,82.0200,2045.0,1648847159999
1648847160000,82.0800,82.3200,82.0000,82.2800,1268.7,1648847219999
1648847220000,82.2700,82.2800,81.7000,82.0300,2561.2,1648847279999
1648847280000,82.0100,82.4000,81.8700,82.0900,1294.2,1648847339999
1648847340000,82.1300,82.2700,81.9900,82.1700,606.5,1648847399999
1648847400000,82.1700,82.2700,82.0700,82.1600,688.2,1648847459999
1648847460000,82.1400,82.2100,82.0100,82.1400,361.5,1648847519999
1648847520000,82.1800,82.2000,82.0600,82.0600,381.5,1648847579999
1648847580000,82.0500,82.1000,81.8300,81.9100,577.4,1648847639999
1648847640000,81.9200,82.0500,81.7900,82.0300,550.3,1648847699999
1648847700000,82.0000,82.1000,81.8800,82.0000,642.4,1648847759999
1648847760000,82.0200,82.4600,81.9900,82.4000,874.6,1648847819999
1648847820000,82.4000,82.8600,82.3700,82.4300,1695.4,1648847879999
1648847880000,82.4900,82.7900,82.0400,82.5600,1346.0,1648847939999
1648847940000,82.5500,82.7200,82.4000,82.6000,880.4,1648847999999
1648848000000,82.6000,82.7900,82.6000,82.6500,493.6,1648848059999
1648848060000,82.6700,82.7900,82.2100,82.4400,773.8,1648848119999
1648848120000,82.4200,82.5200,82.2100,82.2600,544.3,1648848179999
1648848180000,82.2500,82.3300,82.0200,82.2500,884.3,1648848239999
1648848240000,82.3000,82.6600,82.2700,82.4900,439.1,1648848299999
1648848300000,82.4800,82.6700,82.4200,82.4600,430.8,1648848359999
1648848360000,82.4800,82.6400,82.2700,82.3300,248.4,1648848419999
1648848420000,82.3200,82.4100,82.0400,82.2600,440.6,1648848479999
1648848480000,82.2300,82.2700,82.2100,82.2200,249.7,1648848539999
1648848540000,82.2300,82.3900,82.2200,82.3700,196.4,1648848599999
1648848600000,82.3600,82.6100,82.2500,82.5500,681.9,1648848659999
1648848660000,82.6000,82.6200,82.3700,82.4100,647.5,1648848719999
1648848720000,82.4500,82.5200,82.2800,82.3400,169.4,1648848779999
1648848780000,82.3900,83.0000,82.3900,83.0000,1435.9,1648848839999
1648848840000,82.9400,82.9700,82.7000,82.8100,730.4,1648848899999
1648848900000,82.7600,82.8000,82.5700,82.5700,419.8,1648848959999
1648848960000,82.5500,82.7700,82.5000,82.7600,298.9,1648849019999
1648849020000,82.7700,83.2300,82.7000,82.9000,1741.1,1648849079999
1648849080000,82.9000,83.0100,82.8400,83.0100,548.8,1648849139999
1648849140000,83.0000,83.2000,82.9100,83.0600,892.8,1648849199999
1648849200000,83.0600,83.1700,82.5200,82.8000,1022.3,1648849259999
1648849260000,82.8400,83.1600,82.7600,83.1300,573.4,1648849319999
1648849320000,83.0800,83.3800,82.9000,82.9100,1317.3,1648849379999
1648849380000,82.9600,83.0800,82.9000,82.9900,458.4,1648849439999
1648849440000,82.9600,82.9700,82.7600,82.9200,610.6,1648849499999
1648849500000,82.9400,82.9800,82.7700,82.8600,408.3,1648849559999
1648849560000,82.8600,83.0400,82.7700,82.9900,578.6,1648849619999
1648849620000,82.9800,83.2000,82.9800,83.0500,294.6,1648849679999
1648849680000,83.0900,83.2000,82.9900,83.1700,398.7,1648849739999
1648849740000,83.1800,83.2800,82.9900,83.1600,798.8,1648849799999
1648849800000,83.1800,83.3100,83.1000,83.2600,829.9,1648849859999
1648849860000,83.2800,83.6900,83.2500,83.5300,2213.6,1648849919999
1648849920000,83.5100,83.5100,83.1000,83.2500,920.9,1648849979999
1648849980000,83.2900,83.3300,83.1000,83.1800,492.4,1648850039999
1648850040000,83.2000,83.3800,83.1800,83.3100,467.8,1648850099999
1648850100000,83.3000,83.8300,83.3000,83.5700,1593.2,1648850159999
1648850160000,83.5600,83.7300,83.5000,83.5600,666.0,1648850219999
1648850220000,83.6000,83.6900,83.5600,83.6000,259.6,1648850279999
1648850280000,83.6100,83.7000,83.5500,83.5900,470.7,1648850339999
1648850340000,83.6300,83.7000,83.3100,83.6800,1146.6,1648850399999
1648850400000,83.6300,83.9000,83.5100,83.7700,1083.8,1648850459999
1648850460000,83.8300,84.0000,83.6800,83.9200,2580.9,1648850519999
1648850520000,83.9000,83.9000,83.4400,83.5100,1849.1,1648850579999
1648850580000,83.5000,83.5100,83.1100,83.2700,1220.2,1648850639999
1648850640000,83.2300,83.4500,83.2300,83.3200,576.7,1648850699999
1648850700000,83.3200,83.3300,83.0000,83.0000,1181.6,1648850759999
1648850760000,83.0700,83.1800,82.7700,82.8100,1539.4,1648850819999
1648850820000,82.8100,83.0200,82.7600,82.9900,857.0,1648850879999
1648850880000,82.9600,83.1400,82.5000,82.7700,1704.8,1648850939999
1648850940000,82.7600,82.9900,82.6200,82.9500,511.3,1648850999999
1648851000000,82.9300,83.1100,82.6400,82.6400,940.9,1648851059999
1648851060000,82.6200,82.8200,82.3000,82.4400,1582.2,1648851119999
1648851120000,82.4400,82.4700,82.3400,82.4500,683.6,1648851179999
1648851180000,82.4100,82.8500,82.2800,82.5800,768.3,1648851239999
1648851240000,82.5800,82.7700,82.5500,82.7600,177.7,1648851299999
1648851300000,82.7200,82.8700,82.2100,82.2200,1153.4,1648851359999
1648851360000,82.2900,82.4300,81.6700,81.9200,3578.9,1648851419999
1648851420000,81.8900,82.2300,81.8600,82.1400,511.6,1648851479999
1648851480000,82.1800,82.2000,81.6200,81.7800,983.2,1648851539999
1648851540000,81.7700,81.9100,81.3100,81.3100,1352.5,1648851599999
1648851600000,81.3200,81.7200,81.2500,81.7000,1279.1,1648851659999
1648851660000,81.7100,82.1100,81.6500,81.8500,1406.2,1648851719999
1648851720000,81.9300,81.9300,81.6000,81.6600,448.4,1648851779999
1648851780000,81.6300,81.8900,81.6000,81.7400,356.2,1648851839999
1648851840000,81.7800,81.8000,81.7200,81.7900,122.3,1648851899999
1648851900000,81.7900,81.9900,81.7500,81.9800,417.5,1648851959999
1648851960000,81.9800,82.2500,81.9500,82.1600,480.3,1648852019999
1648852020000,82.1600,82.2000,82.1500,82.1600,225.7,1648852079999
1648852080000,82.1600,82.2500,82.1500,82.1600,252.1,1648852139999
1648852140000,82.1900,82.2000,81.7700,81.9200,664.6,1648852199999
1648852200000,81.9200,81.9200,81.2000,81.5100,1442.6,1648852259999
1648852260000,81.5200,81.6700,80.5500,80.8800,5504.3,1648852319999
1648852320000,80.8700,80.9800,80.6600,80.8200,1090.9,1648852379999
1648852380000,80.7500,80.8200,80.4000,80.4700,1850.5,1648852439999
1648852440000,80.4700,80.4700,79.3600,79.7600,7093.1,1648852499999
1648852500000,79.7600,80.2300,79.7200,79.9000,2078.1,1648852559999
1648852560000,79.9200,80.4600,79.6300,79.9300,2010.0,1648852619999
1648852620000,79.8400,80.2300,79.7400,80.0600,1100.1,1648852679999
1648852680000,80.0200,80.1600,79.7900,79.8500,764.1,1648852739999
1648852740000,79.8500,80.0400,79.8000,80.0400,667.0,1648852799999
1648852800000,80.0200,80.2000,79.8500,80.0800,1137.9,1648852859999
1648852860000,80.0300,80.1300,79.8000,80.0700,1319.9,1648852919999
1648852920000,80.0700,80.0800,79.4700,79.5300,1775.0,1648852979999
1648852980000,79.5500,79.7200,79.2200,79.4300,2636.1,1648853039999
1648853040000,79.4300,79.5500,79.0700,79.3600,2423.4,1648853099999
1648853100000,79.3700,79.4100,79.0400,79.2300,2893.6,1648853159999
1648853160000,79.2400,80.1400,79.2400,80.0900,2837.1,1648853219999
1648853220000,80.1000,80.1500,79.4100,79.7300,1563.6,1648853279999
1648853280000,79.7300,79.9000,79.5800,79.9000,464.4,1648853339999
1648853340000,79.9000,80.1000,79.8500,80.1000,744.6,1648853399999
1648853400000,80.0700,80.0900,79.9000,79.9000,413.4,1648853459999
1648853460000,79.9200,79.9500,79.5700,79.5900,647.1,1648853519999
1648853520000,79.5700,79.7900,79.5700,79.7000,296.9,1648853579999
1648853580000,79.7000,79.8700,79.6800,79.7000,233.8,1648853639999
1648853640000,79.7100,79.7100,79.1800,79.3500,892.3,1648853699999
1648853700000,79.3500,79.6400,79.2200,79.4600,713.2,1648853759999
1648853760000,79.4000,79.5000,78.6100,79.2800,3713.2,1648853819999
1648853820000,79.1800,79.2800,78.9100,79.2600,717.9,1648853879999
1648853880000,79.2600,79.3800,79.0300,79.1900,637.3,1648853939999
1648853940000,79.2000,79.7800,79.2000,79.6900,1430.0,1648853999999
1648854000000,79.6400,79.7800,79.5500,79.7800,709.5,1648854059999
1648854060000,79.7400,79.8500,79.5600,79.6200,778.5,1648854119999
1648854120000,79.6300,80.0800,79.6100,80.0800,1064.9,1648854179999
1648854180000,80.0500,80.1300,79.6800,80.0700,1131.2,1648854239999
1648854240000,80.1300,80.2000,79.9000,79.9600,931.3,1648854299999
1648854300000,80.0200,80.2200,80.0200,80.2100,897.2,1648854359999
1648854360000,80.2200,80.2900,79.8800,80.1600,1194.7,1648854419999
1648854420000,80.1600,80.6400,80.1500,80.4600,1500.1,1648854479999
1648854480000,80.5000,80.8000,80.3400,80.6900,1470.6,1648854539999
1648854540000,80.6900,81.1400,80.6100,80.9300,3535.8,1648854599999
1648854600000,80.9600,81.2400,80.8000,81.2200,2033.5,1648854659999
1648854660000,81.2300,81.2400,80.5000,80.9800,2098.8,1648854719999
1648854720000,80.9900,81.1400,80.8300,80.8300,1028.7,1648854779999
1648854780000,80.8400,80.9800,80.0000,80.7000,3445.5,1648854839999
1648854840000,80.7300,80.7300,80.2900,80.4700,1829.1,1648854899999
1648854900000,80.5400,80.6300,80.0100,80.0800,1864.5,1648854959999
1648854960000,80.0700,80.1600,79.5900,79.7000,2310.2,1648855019999
1648855020000,79.6900,80.3600,79.3000,79.9800,2985.9,1648855079999
1648855080000,80.0000,80.5300,79.7000,80.1100,1755.0,1648855139999
1648855140000,80.1000,80.4200,79.8500,79.8500,910.6,1648855199999
1648855200000,79.8400,80.0600,79.5100,79.8900,915.0,1648855259999
1648855260000,79.9100,80.6500,79.9100,80.3200,989.0,1648855319999
1648855320000,80.3700,80.4400,79.9800,80.2400,699.8,1648855379999
1648855380000,80.2600,80.3300,79.8800,79.9600,469.5,1648855439999
1648855440000,79.9600,80.3200,79.8900,80.0100,499.3,1648855499999
1648855500000,80.0100,80.0200,79.3100,79.4600,1341.1,1648855559999
1648855560000,79.4400,79.8300,79.3800,79.4500,1191.0,1648855619999
1648855620000,79.4900,79.8800,79.4400,79.6700,619.5,1648855679999
1648855680000,79.6100,79.8400,79.5200,79.7900,639.3,1648855739999
1648855740000,79.7500,79.7900,79.4800,79.5600,417.7,1648855799999
1648855800000,79.5600,79.8800,79.3100,79.8200,1089.2,1648855859999
1648855860000,79.8200,79.8800,79.3000,79.3100,1010.8,1648855919999
1648855920000,79.3200,79.5100,79.1700,79.1800,1330.2,1648855979999
1648855980000,79.1800,79.4700,79.1500,79.2700,1102.1,1648856039999
1648856040000,79.2900,79.5200,79.0000,79.1200,1412.8,1648856099999
1648856100000,79.1100,79.4100,79.1100,79.2800,618.6,1648856159999
1648856160000,79.2200,79.3600,79.0300,79.1800,691.5,1648856219999
1648856220000,79.1800,79.4000,79.0700,79.2200,441.9,1648856279999
1648856280000,79.1800,79.2300,79.0100,79.1400,708.6,1648856339999
1648856340000,79.1400,79.4400,79.1100,79.4100,345.5,1648856399999
1648856400000,79.4000,79.8400,79.3400,79.6800,1227.3,1648856459999
1648856460000,79.6800,79.8900,79.4100,79.5600,916.2,1648856519999
1648856520000,79.5500,79.6500,79.4700,79.5300,194.9,1648856579999
1648856580000,79.5400,79.7200,79.5100,79.6000,232.7,1648856639999
1648856640000,79.5900,79.6600,79.5000,79.5000,193.8,1648856699999
1648856700000,79.5000,79.5000,79.1500,79.2100,642.6,1648856759999
1648856760000,79.2700,79.3100,79.0000,79.0600,1368.8,1648856819999
1648856820000,79.0600,79.1800,78.9000,79.0600,980.0,1648856879999
1648856880000,79.0100,79.4300,78.9700,79.2300,432.1,1648856939999
1648856940000,79.2100,79.3400,78.8800,79.0100,1095.4,1648856999999
1648857000000,79.0000,79.2500,78.3900,78.6800,7247.9,1648857059999
1648857060000,78.6800,79.2500,76.2200,77.3100,18052.6,1648857119999
1648857120000,77.2300,77.5000,74.7000,75.7000,29147.5,1648857179999
1648857180000,75.7000,76.0000,75.1500,75.6400,5395.2,1648857239999
1648857240000,75.6400,76.7500,75.5000,76.2700,7094.5,1648857299999
1648857300000,76.2700,76.7300,76.0100,76.6200,2419.4,1648857359999
1648857360000,76.6300,77.8000,76.0100,77.5900,6608.8,1648857419999
1648857420000,77.5900,78.8500,76.9900,78.7300,4889.2,1648857479999
1648857480000,78.6800,78.8600,78.0700,78.3500,2843.5,1648857539999
1648857540000,78.3300,78.4900,78.2000,78.3100,844.0,1648857599999
