1648166400000,3106.52,3106.53,3103.00,3103.00,7.447,1648166459999,23125.46848,66,0.593,1841.31242,0
1648166460000,3103.15,3109.09,3103.15,3109.09,4.209,1648166519999,13074.87221,59,3.489,10837.98265,0
1648166520000,3108.49,3109.97,3106.48,3106.56,3.731,1648166579999,11598.89385,49,2.328,7238.33984,0
1648166580000,3105.60,3106.68,3100.31,3100.49,2.690,1648166639999,8348.43706,31,0.625,1940.52767,0
1648166640000,3100.44,3100.44,3097.10,3097.10,3.944,1648166699999,12222.00723,26,0.000,0.00000,0
1648166700000,3096.80,3099.72,3095.78,3095.78,8.921,1648166759999,27638.91401,49,4.468,13846.21294,0
1648166760000,3095.87,3097.82,3095.18,3097.75,7.347,1648166819999,22754.23910,67,6.590,20410.58672,0
1648166820000,3097.50,3101.78,3097.50,3099.11,1.347,1648166879999,4175.59101,40,0.278,861.77328,0
1648166880000,3100.08,3101.32,3100.08,3101.21,2.229,1648166939999,6911.46896,11,1.149,3563.28910,0
1648166940000,3097.78,3099.16,3097.58,3097.58,2.934,1648166999999,9090.76892,17,0.486,1505.95561,0
1648167000000,3097.58,3098.24,3095.12,3095.95,5.006,1648167059999,15503.34000,37,2.578,7985.41644,0
1648167060000,3095.11,3095.67,3095.00,3095.24,1.764,1648167119999,5459.97740,27,0.344,1064.89494,0
1648167120000,3096.88,3101.28,3096.88,3100.61,2.866,1648167179999,8883.23267,44,1.409,4366.90488,0
1648167180000,3100.59,3102.99,3099.99,3100.20,6.001,1648167239999,18611.01171,78,5.221,16192.66940,0
1648167240000,3100.20,3100.23,3098.25,3099.47,1.810,1648167299999,5610.40043,37,0.966,2994.70510,0
1648167300000,3097.40,3099.84,3096.09,3096.09,1.600,1648167359999,4955.59543,10,0.045,139.49280,0
1648167360000,3097.22,3097.22,3094.10,3094.32,4.982,1648167419999,15418.43964,27,0.866,2680.79967,0
1648167420000,3094.30,3094.83,3091.93,3091.93,0.799,1648167479999,2471.03468,10,0.206,637.44989,0
1648167480000,3092.38,3092.83,3091.71,3091.73,7.941,1648167539999,24558.50060,15,7.831,24218.38846,0
1648167540000,3090.62,3093.96,3090.62,3093.28,6.665,1648167599999,20606.15476,28,3.425,10591.94572,0
1648167600000,3094.30,3095.34,3091.07,3091.07,2.023,1648167659999,6259.44222,8,1.770,5477.13977,0
1648167660000,3092.14,3093.51,3091.12,3091.61,5.726,1648167719999,17706.11459,20,4.842,14973.33163,0
1648167720000,3091.48,3092.44,3091.13,3091.13,5.944,1648167779999,18380.00052,18,5.706,17644.23743,0
1648167780000,3091.47,3092.90,3090.69,3091.83,1.333,1648167839999,4121.06033,8,0.978,3023.51422,0
1648167840000,3091.58,3092.95,3091.58,3092.95,0.562,1648167899999,1737.83001,5,0.370,1144.01052,0
1648167900000,3092.93,3097.57,3092.93,3095.53,1.021,1648167959999,3160.67805,11,0.956,2959.44065,0
1648167960000,3096.09,3098.00,3096.09,3098.00,0.284,1648168019999,879.35085,3,0.074,229.12785,0
1648168020000,3098.33,3098.33,3096.18,3096.18,2.841,1648168079999,8799.38202,17,0.298,923.01467,0
1648168080000,3098.02,3098.02,3097.30,3097.34,1.763,1648168139999,5460.97775,7,1.763,5460.97775,0
1648168140000,3094.19,3095.25,3094.19,3094.98,0.784,1648168199999,2426.58693,5,0.715,2213.08782,0
1648168200000,3093.53,3093.61,3092.51,3093.61,0.451,1648168259999,1395.13027,5,0.077,238.12327,0
1648168260000,3096.97,3097.40,3093.57,3094.93,11.736,1648168319999,36317.16058,24,0.834,2583.10712,0
1648168320000,3094.09,3094.99,3091.75,3091.75,2.921,1648168379999,9036.91862,13,1.865,5770.14896,0
1648168380000,3093.15,3096.77,3092.94,3096.77,4.325,1648168439999,13382.29208,19,3.107,9614.06573,0
1648168440000,3095.57,3095.58,3093.84,3094.88,2.683,1648168499999,8303.57683,12,1.378,4265.41648,0
1648168500000,3094.10,3095.94,3094.05,3095.93,2.843,1648168559999,8799.39505,15,1.843,5705.30810,0
1648168560000,3094.78,3095.71,3093.87,3095.67,1.293,1648168619999,4002.42492,9,0.000,0.00000,0
1648168620000,3096.44,3098.04,3096.15,3096.17,2.664,1648168679999,8250.53883,9,1.664,5154.38536,0
1648168680000,3098.05,3100.23,3097.83,3100.23,1.284,1648168739999,3978.15844,13,0.240,743.81976,0
1648168740000,3101.17,3101.96,3098.82,3101.61,3.717,1648168799999,11523.06817,17,2.671,8281.64281,0
1648168800000,3100.81,3102.44,3100.57,3101.42,1.328,1648168859999,4118.03455,10,0.107,331.86108,0
1648168860000,3101.26,3102.01,3100.36,3101.95,5.632,1648168919999,17467.94992,23,3.292,10211.46601,0
1648168920000,3102.19,3104.06,3101.26,3103.51,4.627,1648168979999,14356.70868,21,2.497,7748.38361,0
1648168980000,3103.42,3106.02,3103.28,3106.02,4.099,1648169039999,12729.54693,17,3.744,11627.84052,0
1648169040000,3105.38,3105.86,3104.24,3104.98,3.230,1648169099999,10029.68258,73,0.000,0.00000,0
1648169100000,3104.98,3104.98,3103.16,3104.12,4.263,1648169159999,13235.29713,49,0.090,279.43740,0
1648169160000,3104.85,3105.83,3104.28,3104.98,0.987,1648169219999,3065.10295,15,0.666,2068.47195,0
1648169220000,3105.52,3105.52,3103.78,3104.31,0.440,1648169279999,1366.27538,13,0.076,236.01190,0
1648169280000,3104.33,3104.33,3103.83,3103.83,0.643,1648169339999,1995.85160,10,0.503,1561.25520,0
1648169340000,3103.03,3103.55,3102.65,3103.10,0.789,1648169399999,2448.43091,19,0.527,1635.48538,0
1648169400000,3103.75,3103.75,3103.29,3103.29,0.148,1648169459999,459.29934,2,0.148,459.29934,0
1648169460000,3104.16,3104.17,3101.06,3101.10,0.682,1648169519999,2116.36651,16,0.482,1496.07466,0
1648169520000,3101.45,3101.65,3098.75,3099.10,8.919,1648169579999,27641.53589,29,0.132,409.22455,0
1648169580000,3099.45,3099.46,3099.29,3099.30,0.466,1648169639999,1444.29917,5,0.466,1444.29917,0
1648169640000,3100.99,3101.00,3098.84,3099.91,2.761,1648169699999,8560.53197,11,2.650,8216.43876,0
1648169700000,3101.00,3104.25,3101.00,3102.33,5.567,1648169759999,17278.67832,20,5.356,16623.97018,0
1648169760000,3101.55,3104.00,3101.29,3102.65,2.436,1648169819999,7558.60488,59,1.426,4425.43425,0
1648169820000,3103.63,3103.97,3100.69,3100.69,0.676,1648169879999,2097.73212,23,0.325,1008.71542,0
1648169880000,3101.08,3102.51,3101.08,3102.51,1.415,1648169939999,4388.20269,7,1.415,4388.20269,0
1648169940000,3100.79,3101.92,3100.39,3100.39,0.926,1648169999999,2872.04566,7,0.679,2106.15379,0
1648170000000,3100.66,3102.96,3099.61,3100.65,16.292,1648170059999,50519.13445,26,16.018,49669.82979,0
1648170060000,3101.10,3101.10,3095.54,3095.54,12.833,1648170119999,39767.79362,33,0.146,452.68030,0
1648170120000,3095.62,3097.11,3094.81,3096.91,7.546,1648170179999,23369.06871,14,7.448,23065.74107,0
1648170180000,3098.35,3098.57,3096.85,3097.03,6.764,1648170239999,20956.03257,14,6.287,19478.07358,0
1648170240000,3097.17,3097.85,3096.37,3096.37,1.119,1648170299999,3465.85079,5,1.001,3100.47913,0
1648170300000,3099.97,3099.97,3099.97,3099.97,0.032,1648170359999,99.19904,1,0.032,99.19904,0
1648170360000,3101.09,3102.05,3101.09,3102.05,0.499,1648170419999,1547.70872,4,0.499,1547.70872,0
1648170420000,3102.89,3105.98,3102.52,3105.98,2.062,1648170479999,6398.55250,8,2.062,6398.55250,0
1648170480000,3103.17,3104.05,3103.15,3104.05,0.465,1648170539999,1443.04041,4,0.318,986.82066,0
1648170540000,3105.34,3105.56,3103.92,3104.77,18.754,1648170599999,58236.93828,15,18.666,57963.78632,0
1648170600000,3106.00,3106.24,3104.95,3104.95,0.161,1648170659999,499.96022,3,0.032,99.39200,0
1648170660000,3106.25,3108.39,3106.25,3107.80,1.899,1648170719999,5902.31609,12,0.654,2032.40534,0
1648170720000,3107.81,3112.00,3107.80,3111.63,4.308,1648170779999,13394.69359,26,0.761,2366.94207,0
1648170780000,3110.12,3110.13,3106.52,3106.52,0.841,1648170839999,2614.75792,7,0.500,1555.06398,0
1648170840000,3106.85,3106.85,3106.85,3106.85,0.057,1648170899999,177.09045,1,0.000,0.00000,0
1648170900000,3106.82,3106.82,3106.82,3106.82,0.060,1648170959999,186.40920,1,0.060,186.40920,0
1648170960000,3106.33,3107.92,3105.73,3107.92,1.008,1648171019999,3131.48937,8,0.851,2643.57463,0
1648171020000,3106.31,3106.31,3106.31,3106.31,0.105,1648171079999,326.16255,1,0.105,326.16255,0
1648171080000,3106.90,3108.93,3106.90,3108.53,0.390,1648171139999,1212.39151,5,0.390,1212.39151,0
1648171140000,3108.95,3109.64,3107.72,3109.03,4.850,1648171199999,15077.15731,34,0.281,873.77772,0
1648171200000,3110.02,3110.02,3106.55,3107.86,2.518,1648171259999,7825.22864,14,0.396,1231.17696,0
1648171260000,3107.95,3107.95,3107.63,3107.63,4.515,1648171319999,14031.39061,8,0.000,0.00000,0
1648171320000,3109.68,3109.94,3108.01,3108.01,3.477,1648171379999,10809.44920,14,1.477,4592.89229,0
1648171380000,3107.74,3107.74,3106.66,3106.90,0.292,1648171439999,907.20856,4,0.096,298.23936,0
1648171440000,3107.10,3108.59,3107.10,3107.71,1.491,1648171499999,4634.23558,8,1.422,4419.80359,0
1648171500000,3106.89,3107.84,3106.49,3106.49,0.361,1648171559999,1121.64429,3,0.249,773.67261,0
1648171560000,3106.49,3106.49,3106.49,3106.49,0.000,1648171619999,0.00000,0,0.000,0.00000,0
1648171620000,3105.38,3105.54,3103.85,3103.85,15.310,1648171679999,47543.20946,20,0.048,149.03808,0
1648171680000,3103.56,3104.51,3101.75,3104.36,24.986,1648171739999,77524.61833,29,1.955,6068.53345,0
1648171740000,3104.41,3109.98,3104.41,3109.55,3.803,1648171799999,11821.70688,24,3.688,11464.21083,0
1648171800000,3109.44,3123.26,3109.38,3118.85,18.604,1648171859999,58019.56860,93,16.433,51252.83274,0
1648171860000,3123.28,3145.00,3119.96,3130.04,140.127,1648171919999,439467.92664,277,87.960,275775.59039,0
1648171920000,3130.11,3130.12,3126.97,3127.46,15.295,1648171979999,47857.97157,32,11.150,34894.88194,0
1648171980000,3129.96,3134.33,3126.83,3133.26,96.001,1648172039999,300520.13703,286,51.691,161843.66276,0
1648172040000,3132.14,3133.70,3119.02,3119.02,30.117,1648172099999,94189.03896,124,7.307,22841.25216,0
1648172100000,3119.33,3119.33,3111.99,3112.24,13.013,1648172159999,40517.12144,70,6.294,19592.17034,0
1648172160000,3115.63,3121.48,3115.63,3121.48,0.939,1648172219999,2928.03704,6,0.559,1741.87464,0
1648172220000,3121.18,3126.96,3120.50,3126.88,3.293,1648172279999,10290.63104,21,2.722,8506.08090,0
1648172280000,3125.98,3129.50,3125.98,3127.85,4.724,1648172339999,14775.77387,30,2.603,8143.11096,0
1648172340000,3126.83,3126.84,3123.80,3123.80,3.380,1648172399999,10563.73764,14,0.234,731.17979,0
1648172400000,3124.09,3128.29,3124.09,3128.29,17.685,1648172459999,55280.36141,29,17.588,54977.21908,0
1648172460000,3127.89,3130.40,3126.92,3126.92,4.609,1648172519999,14419.12852,28,0.751,2350.15535,0
1648172520000,3128.54,3129.97,3126.13,3126.13,3.046,1648172579999,9531.22746,13,1.767,5530.03198,0
1648172580000,3125.21,3125.21,3121.10,3121.96,24.789,1648172639999,77452.21133,25,19.676,61489.93836,0
1648172640000,3121.96,3122.63,3121.37,3121.74,2.161,1648172699999,6746.42447,14,0.186,580.69394,0
1648172700000,3121.72,3121.87,3114.86,3114.86,2.985,1648172759999,9311.26574,24,1.154,3601.96990,0
1648172760000,3114.42,3117.86,3113.30,3116.12,14.123,1648172819999,44012.39942,33,7.562,23562.16989,0
1648172820000,3117.13,3122.89,3117.12,3119.38,5.893,1648172879999,18397.55557,25,4.966,15505.83012,0
1648172880000,3119.86,3121.14,3119.54,3120.44,5.769,1648172939999,17998.21527,27,0.205,639.58612,0
1648172940000,3118.72,3120.30,3118.72,3119.99,0.469,1648172999999,1463.20041,5,0.469,1463.20041,0
1648173000000,3120.38,3121.20,3119.42,3119.42,1.118,1648173059999,3488.83874,9,0.258,805.26904,0
1648173060000,3119.07,3119.19,3116.66,3119.19,1.546,1648173119999,4820.72804,9,1.035,3227.77293,0
1648173120000,3120.25,3123.46,3120.25,3122.15,8.668,1648173179999,27060.92639,22,8.332,26012.02151,0
1648173180000,3121.90,3121.90,3121.22,3121.22,0.251,1648173239999,783.54386,2,0.173,540.08870,0
1648173240000,3121.53,3127.02,3121.53,3125.81,7.876,1648173299999,24589.62062,21,7.060,22038.41138,0
1648173300000,3126.49,3126.49,3122.33,3122.99,2.534,1648173359999,7914.19287,15,2.206,6889.58343,0
1648173360000,3122.98,3124.21,3121.92,3124.14,7.330,1648173419999,22891.58005,30,5.238,16358.18881,0
1648173420000,3124.83,3126.33,3123.56,3124.16,2.563,1648173479999,8008.90285,20,2.294,7168.50153,0
1648173480000,3124.30,3124.30,3118.99,3120.55,2.579,1648173539999,8049.65610,33,0.231,720.86887,0
1648173540000,3120.56,3120.86,3119.81,3120.24,1.089,1648173599999,3398.08020,49,0.081,252.74430,0
1648173600000,3120.24,3123.30,3118.99,3118.99,23.453,1648173659999,73177.06985,37,15.823,49371.67133,0
1648173660000,3118.42,3119.67,3114.32,3115.41,4.866,1648173719999,15163.63209,51,1.118,3487.21639,0
1648173720000,3115.33,3116.37,3112.78,3112.87,4.805,1648173779999,14966.69273,34,2.446,7621.23644,0
1648173780000,3114.81,3115.12,3112.26,3113.32,1.704,1648173839999,5305.41319,13,1.604,4994.11139,0
1648173840000,3111.99,3112.88,3110.86,3110.86,3.691,1648173899999,11488.72565,21,2.846,8859.04252,0
1648173900000,3110.92,3114.79,3110.54,3111.26,11.175,1648173959999,34788.05286,52,5.776,17983.95505,0
1648173960000,3111.37,3112.04,3111.13,3111.85,1.412,1648174019999,4393.60460,39,0.073,227.16505,0
1648174020000,3110.53,3116.17,3109.50,3114.47,2.337,1648174079999,7280.15944,13,2.057,6409.46973,0
1648174080000,3112.84,3112.84,3112.53,3112.53,0.528,1648174139999,1643.50665,3,0.266,827.96615,0
1648174140000,3110.84,3110.84,3110.84,3110.84,0.069,1648174199999,214.64796,1,0.069,214.64796,0
1648174200000,3110.51,3110.51,3107.92,3109.75,0.699,1648174259999,2173.91138,8,0.177,550.28118,0
1648174260000,3109.93,3109.93,3108.07,3108.07,0.409,1648174319999,1271.36431,2,0.088,273.67384,0
1648174320000,3108.07,3108.07,3104.55,3107.65,21.242,1648174379999,65986.05120,53,2.467,7661.51590,0
1648174380000,3107.35,3108.13,3107.32,3108.13,2.427,1648174439999,7541.69380,7,0.164,509.73332,0
1648174440000,3107.97,3110.00,3107.97,3110.00,3.020,1648174499999,9389.51296,10,3.020,9389.51296,0
1648174500000,3110.54,3110.54,3109.86,3109.86,0.253,1648174559999,786.81974,3,0.134,416.72124,0
1648174560000,3111.42,3114.30,3110.68,3113.38,2.728,1648174619999,8491.68072,17,2.425,7549.08177,0
1648174620000,3112.52,3113.52,3109.27,3109.27,31.588,1648174679999,98305.36653,57,23.909,74419.32966,0
1648174680000,3111.19,3115.80,3111.19,3115.34,1.743,1648174739999,5424.35269,11,1.521,4732.74866,0
1648174740000,3115.34,3117.09,3114.47,3117.03,2.690,1648174799999,8380.12365,22,0.723,2253.15698,0
1648174800000,3116.07,3116.19,3114.96,3116.19,1.157,1648174859999,3605.21169,5,1.113,3468.11209,0
1648174860000,3115.66,3116.58,3114.31,3114.86,1.695,1648174919999,5280.59199,40,0.141,439.32770,0
1648174920000,3115.46,3118.27,3115.46,3118.25,7.127,1648174979999,22221.99604,39,6.117,19073.51105,0
1648174980000,3118.27,3120.00,3118.15,3118.15,2.289,1648175039999,7138.58047,53,1.543,4812.00572,0
1648175040000,3119.73,3119.73,3118.00,3119.27,3.275,1648175099999,10214.28320,16,0.076,236.99232,0
1648175100000,3120.13,3122.35,3119.99,3120.11,2.748,1648175159999,8575.31682,35,2.018,6297.49960,0
1648175160000,3120.73,3122.41,3120.73,3121.34,0.809,1648175219999,2525.44227,14,0.036,112.40460,0
1648175220000,3120.79,3126.00,3120.72,3125.13,26.560,1648175279999,82949.96279,52,0.567,1771.06269,0
1648175280000,3125.53,3128.00,3125.53,3127.27,8.826,1648175339999,27601.56394,70,5.805,18154.70611,0
1648175340000,3127.31,3129.13,3126.66,3126.66,7.536,1648175399999,23580.46854,40,7.023,21975.78215,0
1648175400000,3126.75,3128.10,3121.38,3122.06,4.172,1648175459999,13039.34749,36,0.341,1065.52974,0
1648175460000,3122.09,3124.17,3121.72,3124.16,13.871,1648175519999,43324.97191,65,4.961,15496.60855,0
1648175520000,3124.17,3127.21,3123.59,3126.75,4.350,1648175579999,13593.66879,20,3.172,9911.43869,0
1648175580000,3127.15,3128.60,3126.25,3127.80,2.243,1648175639999,7015.55389,9,2.051,6415.14494,0
1648175640000,3127.58,3129.72,3127.58,3128.64,1.086,1648175699999,3397.87303,9,0.715,2237.27395,0
1648175700000,3128.66,3128.67,3125.40,3125.40,2.923,1648175759999,9139.54423,15,0.579,1810.37993,0
1648175760000,3124.28,3125.32,3123.66,3124.12,18.036,1648175819999,56362.45185,25,15.256,47676.89497,0
1648175820000,3122.93,3123.32,3122.93,3123.10,2.607,1648175879999,8142.06581,9,0.000,0.00000,0
1648175880000,3123.09,3123.09,3121.06,3122.98,2.498,1648175939999,7800.17448,13,0.687,2145.22348,0
1648175940000,3122.57,3124.48,3122.30,3122.30,1.281,1648175999999,4000.35873,8,0.846,2642.14608,0
1648176000000,3122.30,3122.30,3122.30,3122.30,0.000,1648176059999,0.00000,0,0.000,0.00000,0
1648176060000,3119.80,3120.77,3119.61,3120.77,1.210,1648176119999,3775.94625,11,1.210,3775.94625,0
1648176120000,3120.77,3121.99,3119.95,3120.26,5.737,1648176179999,17905.71405,22,1.178,3676.23876,0
1648176180000,3121.32,3121.76,3117.62,3117.87,9.114,1648176239999,28444.43259,27,7.091,22133.10112,0
1648176240000,3117.66,3117.66,3117.66,3117.66,0.212,1648176299999,660.94392,1,0.000,0.00000,0
1648176300000,3119.37,3120.04,3119.37,3119.76,0.699,1648176359999,2180.86152,4,0.012,37.43244,0
1648176360000,3119.36,3119.36,3117.80,3118.05,1.742,1648176419999,5431.44724,10,0.193,601.78365,0
1648176420000,3117.61,3118.51,3116.75,3117.77,4.712,1648176479999,14690.25120,34,0.865,2696.46309,0
1648176480000,3117.00,3117.00,3117.00,3117.00,1.410,1648176539999,4394.97000,5,0.000,0.00000,0
1648176540000,3117.00,3117.09,3116.24,3117.09,1.635,1648176599999,5095.38612,6,0.032,99.74688,0
1648176600000,3116.72,3116.72,3116.24,3116.24,1.333,1648176659999,4154.14826,6,0.000,0.00000,0
1648176660000,3116.24,3118.87,3116.24,3118.87,3.582,1648176719999,11163.51570,8,1.057,3294.94580,0
1648176720000,3119.23,3119.23,3118.96,3118.96,0.434,1648176779999,1353.71504,2,0.434,1353.71504,0
1648176780000,3119.70,3120.87,3119.70,3120.87,1.924,1648176839999,6003.08056,10,1.924,6003.08056,0
1648176840000,3121.62,3121.62,3120.17,3120.55,0.358,1648176899999,1117.31228,4,0.000,0.00000,0
1648176900000,3120.93,3120.93,3119.83,3119.83,1.278,1648176959999,3988.20831,15,0.034,106.07422,0
1648176960000,3120.34,3120.34,3120.34,3120.34,0.173,1648177019999,539.81882,1,0.000,0.00000,0
1648177020000,3119.61,3119.61,3118.00,3118.00,2.071,1648177079999,6457.93390,17,0.000,0.00000,0
1648177080000,3118.00,3118.82,3118.00,3118.21,2.668,1648177139999,8319.08898,9,0.058,180.86314,0
1648177140000,3120.39,3120.40,3120.39,3120.40,0.605,1648177199999,1887.83700,4,0.605,1887.83700,0
1648177200000,3119.67,3119.67,3116.99,3116.99,0.860,1648177259999,2681.60399,7,0.365,1138.19399,0
1648177260000,3116.99,3116.99,3116.99,3116.99,0.000,1648177319999,0.00000,0,0.000,0.00000,0
1648177320000,3117.99,3117.99,3116.08,3116.08,0.814,1648177379999,2537.18162,4,0.728,2269.17208,0
1648177380000,3115.80,3115.80,3115.02,3115.02,0.068,1648177439999,211.84164,2,0.042,130.83084,0
1648177440000,3115.17,3115.17,3115.17,3115.17,0.060,1648177499999,186.91020,1,0.060,186.91020,0
1648177500000,3118.00,3119.00,3118.00,3119.00,2.129,1648177559999,6638.24800,6,2.129,6638.24800,0
1648177560000,3119.27,3119.27,3119.27,3119.27,0.043,1648177619999,134.12861,1,0.000,0.00000,0
1648177620000,3118.64,3118.64,3117.00,3117.00,1.263,1648177679999,3936.87932,4,0.063,196.47432,0
1648177680000,3117.00,3117.70,3117.00,3117.48,6.213,1648177739999,19366.63375,21,0.000,0.00000,0
1648177740000,3117.00,3117.01,3117.00,3117.00,9.796,1648177799999,30534.13291,35,0.000,0.00000,0
1648177800000,3117.00,3117.00,3113.76,3113.99,9.012,1648177859999,28080.68942,18,0.960,2989.22960,0
1648177860000,3113.80,3114.95,3113.80,3114.81,0.396,1648177919999,1233.31708,4,0.238,741.33668,0
1648177920000,3114.12,3116.09,3114.12,3116.08,0.249,1648177979999,775.59049,3,0.177,551.23273,0
1648177980000,3116.45,3117.46,3116.45,3117.46,1.267,1648178039999,3949.67977,8,1.100,3429.20100,0
1648178040000,3116.26,3116.26,3116.26,3116.26,0.092,1648178099999,286.69592,1,0.000,0.00000,0
1648178100000,3118.90,3119.12,3118.01,3118.01,2.412,1648178159999,7522.93014,7,2.308,7198.65710,0
1648178160000,3119.86,3119.86,3119.76,3119.76,0.629,1648178219999,1962.34894,4,0.000,0.00000,0
1648178220000,3119.55,3119.55,3117.45,3118.47,0.190,1648178279999,592.58082,3,0.150,467.88282,0
1648178280000,3115.80,3115.80,3115.80,3115.80,0.026,1648178339999,81.01080,1,0.000,0.00000,0
1648178340000,3114.01,3114.01,3112.96,3113.65,1.197,1648178399999,3727.08780,5,0.697,2170.21405,0
1648178400000,3113.65,3113.65,3113.65,3113.65,0.000,1648178459999,0.00000,0,0.000,0.00000,0
1648178460000,3115.05,3115.05,3115.05,3115.05,0.117,1648178519999,364.46085,1,0.000,0.00000,0
1648178520000,3115.67,3115.67,3115.67,3115.67,0.191,1648178579999,595.09297,1,0.191,595.09297,0
1648178580000,3117.32,3117.32,3117.15,3117.15,0.268,1648178639999,835.40929,2,0.000,0.00000,0
1648178640000,3116.50,3121.29,3116.50,3117.99,11.583,1648178699999,36141.20116,29,10.330,32234.19445,0
1648178700000,3118.64,3119.35,3118.64,3119.35,1.128,1648178759999,3517.94199,4,0.142,442.90865,0
1648178760000,3118.05,3118.32,3118.05,3118.32,0.202,1648178819999,629.87067,2,0.091,283.76712,0
1648178820000,3120.36,3121.74,3119.69,3121.74,2.653,1648178879999,8279.98431,11,2.653,8279.98431,0
1648178880000,3122.20,3123.63,3122.20,3123.63,2.497,1648178939999,7798.66484,11,1.207,3770.02196,0
1648178940000,3123.27,3123.27,3121.96,3122.68,17.341,1648178999999,54144.88921,23,0.090,281.04120,0
1648179000000,3122.33,3122.54,3121.17,3122.54,1.653,1648179059999,5161.01465,6,1.414,4415.01906,0
1648179060000,3121.68,3121.68,3120.70,3121.00,0.437,1648179119999,1363.89420,3,0.282,880.12200,0
1648179120000,3120.99,3120.99,3119.66,3120.99,2.428,1648179179999,7575.10590,16,1.139,3553.58072,0
1648179180000,3121.00,3121.00,3121.00,3121.00,0.724,1648179239999,2259.60400,1,0.724,2259.60400,0
1648179240000,3122.32,3123.25,3121.99,3122.60,8.347,1648179299999,26066.23102,15,8.132,25394.98238,0
1648179300000,3122.33,3122.91,3122.05,3122.90,1.962,1648179359999,6125.74504,10,0.000,0.00000,0
1648179360000,3122.60,3122.88,3122.60,3122.87,0.454,1648179419999,1417.76574,3,0.000,0.00000,0
1648179420000,3123.92,3127.11,3123.65,3125.07,6.110,1648179479999,19101.31027,22,6.024,18832.59677,0
1648179480000,3125.05,3127.99,3124.89,3127.99,4.556,1648179539999,14244.15799,86,1.714,5359.31182,0
1648179540000,3127.99,3130.73,3125.77,3128.91,7.210,1648179599999,22561.66163,97,3.031,9488.68652,0
1648179600000,3128.91,3128.91,3125.47,3126.40,7.953,1648179659999,24864.23612,75,0.000,0.00000,0
1648179660000,3126.40,3127.96,3126.40,3126.89,7.228,1648179719999,22604.96269,43,0.071,222.02322,0
1648179720000,3127.32,3127.32,3126.21,3126.21,1.936,1648179779999,6053.13456,6,0.000,0.00000,0
1648179780000,3126.22,3127.16,3126.20,3126.20,11.356,1648179839999,35502.97155,59,0.210,656.50410,0
1648179840000,3126.20,3126.37,3125.03,3126.37,5.444,1648179899999,17016.32024,70,0.804,2513.30400,0
1648179900000,3126.40,3128.38,3125.70,3128.14,15.393,1648179959999,48130.13718,108,0.393,1229.01719,0
1648179960000,3128.14,3128.58,3126.30,3128.15,8.015,1648180019999,25062.39985,79,0.333,1041.33312,0
1648180020000,3128.15,3131.13,3126.75,3128.80,6.363,1648180079999,19915.85994,24,4.049,12676.46104,0
1648180080000,3128.89,3130.54,3126.80,3126.80,11.624,1648180139999,36361.72263,46,0.016,50.08864,0
1648180140000,3126.80,3127.25,3125.91,3126.95,6.571,1648180199999,20543.16612,24,0.831,2598.74475,0
1648180200000,3127.38,3127.99,3127.36,3127.40,3.679,1648180259999,11506.85451,13,0.027,84.43926,0
1648180260000,3128.58,3128.58,3126.91,3126.91,4.480,1648180319999,14013.59591,10,0.000,0.00000,0
1648180320000,3126.92,3128.38,3126.92,3128.38,2.057,1648180379999,6433.54726,7,1.121,3505.39854,0
1648180380000,3128.38,3128.38,3127.37,3127.41,3.017,1648180439999,9436.76331,53,0.000,0.00000,0
1648180440000,3127.42,3127.44,3126.04,3127.30,3.362,1648180499999,10514.00975,68,0.000,0.00000,0
1648180500000,3127.30,3127.38,3127.05,3127.37,1.647,1648180559999,5150.79094,15,1.445,4519.06410,0
1648180560000,3127.57,3128.92,3127.57,3128.24,7.839,1648180619999,24523.56560,22,3.924,12275.14804,0
1648180620000,3128.24,3129.95,3127.07,3129.95,7.038,1648180679999,22018.44736,21,3.547,11097.40988,0
1648180680000,3129.91,3131.95,3129.91,3130.38,12.828,1648180739999,40161.57680,42,5.642,17661.24411,0
1648180740000,3130.38,3134.79,3130.38,3134.29,5.582,1648180799999,17491.43204,26,2.771,8683.04277,0
1648180800000,3134.29,3134.29,3131.06,3132.15,19.517,1648180859999,61137.57184,50,0.000,0.00000,0
1648180860000,3131.56,3131.91,3125.06,3131.11,76.897,1648180919999,240600.55048,100,1.113,3485.07675,0
1648180920000,3131.11,3131.29,3129.28,3130.94,7.588,1648180979999,23752.87359,15,0.890,2786.71160,0
1648180980000,3131.07,3132.49,3131.07,3132.49,1.329,1648181039999,4161.32469,9,0.180,563.72526,0
1648181040000,3133.41,3133.41,3131.73,3132.42,6.258,1648181099999,19605.93698,21,0.500,1566.21788,0
1648181100000,3132.43,3134.14,3132.43,3133.91,2.334,1648181159999,7314.54398,14,0.214,670.65305,0
1648181160000,3134.30,3136.89,3132.57,3136.89,51.630,1648181219999,161881.33334,109,30.016,94118.50779,0
1648181220000,3136.89,3140.54,3136.36,3136.36,32.532,1648181279999,102095.19732,142,7.029,22065.28252,0
1648181280000,3136.04,3136.16,3131.21,3136.16,27.197,1648181339999,85244.46937,83,3.439,10780.61868,0
1648181340000,3136.16,3138.31,3134.13,3134.88,34.048,1648181399999,106798.28817,78,17.906,56181.66956,0
1648181400000,3134.88,3134.92,3133.39,3134.00,13.801,1648181459999,43251.48699,55,0.002,6.26984,0
1648181460000,3134.06,3135.42,3133.46,3135.42,8.825,1648181519999,27659.66345,40,1.192,3736.61456,0
1648181520000,3133.27,3133.27,3129.83,3131.45,15.169,1648181579999,47505.92701,22,0.645,2020.56070,0
1648181580000,3132.15,3133.46,3131.33,3133.46,3.137,1648181639999,9826.26800,7,0.000,0.00000,0
1648181640000,3133.47,3134.24,3133.47,3133.48,2.762,1648181699999,8655.70210,7,0.022,68.93634,0
1648181700000,3133.48,3133.48,3132.09,3132.09,0.714,1648181759999,2237.16472,3,0.089,278.75779,0
1648181760000,3131.33,3131.60,3129.82,3130.29,9.812,1648181819999,30718.14193,16,2.100,6576.15635,0
1648181820000,3130.29,3130.29,3128.61,3129.57,5.399,1648181879999,16896.77365,19,1.001,3132.49159,0
1648181880000,3129.09,3129.35,3129.09,3129.22,8.135,1648181939999,25457.01165,7,8.135,25457.01165,0
1648181940000,3130.05,3131.62,3126.36,3131.62,30.723,1648181999999,96116.29732,34,3.198,10009.79563,0
1648182000000,3130.80,3131.76,3130.51,3130.51,2.949,1648182059999,9234.61511,8,0.847,2651.78559,0
1648182060000,3131.36,3131.61,3130.03,3131.61,11.032,1648182119999,34537.78594,18,0.226,707.74386,0
1648182120000,3131.26,3131.80,3129.52,3131.80,7.895,1648182179999,24721.00278,16,1.107,3466.87290,0
1648182180000,3132.09,3135.13,3131.73,3134.93,6.415,1648182239999,20100.25431,19,0.820,2568.60530,0
1648182240000,3136.60,3138.48,3136.60,3138.48,5.206,1648182299999,16335.16766,12,0.899,2819.92922,0
1648182300000,3138.48,3142.13,3138.48,3139.88,14.001,1648182359999,43970.23666,39,6.695,21026.66747,0
1648182360000,3139.34,3139.56,3136.97,3136.97,7.465,1648182419999,23426.48221,25,1.047,3286.33647,0
1648182420000,3136.56,3137.45,3136.31,3137.33,4.127,1648182479999,12947.76881,9,0.564,1769.45412,0
1648182480000,3139.03,3140.94,3139.03,3139.28,12.438,1648182539999,39049.44582,26,1.008,3164.61852,0
1648182540000,3138.45,3139.99,3138.14,3139.82,8.330,1648182599999,26146.06040,20,2.763,8673.00896,0
1648182600000,3138.56,3138.93,3138.00,3138.00,4.512,1648182659999,14161.00511,11,0.460,1443.73760,0
1648182660000,3138.00,3138.45,3137.04,3138.06,2.698,1648182719999,8465.35143,11,0.195,611.91486,0
1648182720000,3137.82,3138.90,3137.75,3137.75,3.642,1648182779999,11428.40209,14,0.524,1644.75440,0
1648182780000,3137.04,3137.04,3134.80,3135.16,7.418,1648182839999,23262.65573,22,0.446,1398.60359,0
1648182840000,3135.38,3135.38,3133.28,3133.28,5.725,1648182899999,17943.60848,19,0.815,2554.24218,0
1648182900000,3133.17,3133.71,3133.17,3133.71,0.143,1648182959999,448.11794,3,0.000,0.00000,0
1648182960000,3134.15,3136.08,3134.15,3136.08,1.262,1648183019999,3956.19900,8,1.262,3956.19900,0
1648183020000,3136.08,3136.87,3133.49,3133.49,6.738,1648183079999,21123.63500,25,0.920,2885.55700,0
1648183080000,3133.45,3134.87,3132.32,3132.79,7.188,1648183139999,22522.12427,16,0.032,100.31584,0
1648183140000,3135.22,3136.12,3134.94,3134.94,12.091,1648183199999,37910.25296,17,1.709,5358.09098,0
1648183200000,3136.78,3137.78,3136.43,3137.78,2.933,1648183259999,9201.56337,10,1.692,5308.81939,0
1648183260000,3137.77,3137.77,3134.68,3136.68,4.146,1648183319999,13001.18050,17,0.000,0.00000,0
1648183320000,3135.87,3135.87,3135.82,3135.82,1.904,1648183379999,5970.60448,5,0.000,0.00000,0
1648183380000,3136.41,3136.41,3133.77,3133.77,4.508,1648183439999,14132.48202,18,0.089,279.02568,0
1648183440000,3134.38,3134.38,3132.99,3132.99,0.433,1648183499999,1356.89643,5,0.000,0.00000,0
1648183500000,3135.45,3135.45,3131.22,3131.24,8.668,1648183559999,27151.22463,26,3.010,9428.92915,0
1648183560000,3131.23,3131.55,3130.82,3131.55,6.207,1648183619999,19435.90586,13,0.699,2188.76528,0
1648183620000,3131.24,3131.24,3130.53,3130.53,3.800,1648183679999,11896.46240,4,0.000,0.00000,0
1648183680000,3130.40,3131.55,3128.63,3131.48,5.039,1648183739999,15768.89160,9,0.266,832.99230,0
1648183740000,3131.54,3134.55,3131.54,3134.55,1.284,1648183799999,4021.18945,6,1.184,3708.03545,0
1648183800000,3134.07,3134.20,3132.99,3133.44,0.665,1648183859999,2083.82221,8,0.000,0.00000,0
1648183860000,3135.00,3135.46,3135.00,3135.46,0.187,1648183919999,586.31676,3,0.031,97.18500,0
1648183920000,3135.73,3136.60,3135.36,3136.04,7.916,1648183979999,24824.38341,16,1.336,4188.84096,0
1648183980000,3135.53,3135.53,3131.19,3131.88,11.102,1648184039999,34790.70045,24,3.339,10463.16744,0
1648184040000,3131.89,3132.42,3131.18,3131.18,3.414,1648184099999,10690.89830,7,0.033,103.36986,0
1648184100000,3132.20,3133.51,3132.20,3133.51,2.195,1648184159999,6875.41681,8,2.044,6402.25680,0
1648184160000,3135.00,3136.27,3135.00,3136.26,1.266,1648184219999,3970.34741,7,0.041,128.54643,0
1648184220000,3136.26,3138.88,3135.75,3138.72,10.753,1648184279999,33726.29609,26,2.055,6446.78858,0
1648184280000,3138.57,3140.32,3137.46,3140.27,5.645,1648184339999,17716.57251,21,1.744,5474.76145,0
1648184340000,3140.10,3140.10,3138.87,3139.02,10.352,1648184399999,32500.90943,29,0.000,0.00000,0
1648184400000,3139.38,3139.38,3136.11,3136.11,8.083,1648184459999,25361.35786,23,1.236,3879.77718,0
1648184460000,3137.29,3138.43,3137.04,3138.43,2.472,1648184519999,7756.36106,11,0.596,1870.39392,0
1648184520000,3138.27,3138.95,3134.49,3136.34,33.172,1648184579999,104063.86081,58,7.107,22304.73442,0
1648184580000,3135.93,3136.09,3134.68,3136.09,5.468,1648184639999,17144.15720,19,0.707,2217.07040,0
1648184640000,3136.42,3137.72,3136.42,3137.31,1.422,1648184699999,4461.13378,5,0.216,677.54992,0
1648184700000,3137.01,3137.01,3134.81,3134.81,4.206,1648184759999,13190.64312,12,0.000,0.00000,0
1648184760000,3134.37,3135.03,3133.82,3133.82,4.251,1648184819999,13325.45544,10,0.000,0.00000,0
1648184820000,3135.73,3135.73,3135.73,3135.73,0.059,1648184879999,185.00807,1,0.000,0.00000,0
1648184880000,3139.53,3139.62,3138.19,3138.19,5.507,1648184939999,17285.25400,11,1.612,5060.99985,0
1648184940000,3137.91,3137.91,3135.74,3136.17,7.556,1648184999999,23704.11903,19,0.000,0.00000,0
1648185000000,3135.47,3137.89,3135.36,3137.89,1.250,1648185059999,3920.77312,7,0.608,1907.81197,0
1648185060000,3136.69,3137.42,3134.98,3136.16,11.393,1648185119999,35735.52073,28,7.030,22051.54865,0
1648185120000,3136.77,3136.77,3136.71,3136.71,1.901,1648185179999,5962.93412,6,0.000,0.00000,0
1648185180000,3138.10,3138.41,3138.10,3138.41,0.056,1648185239999,175.74910,2,0.050,156.92050,0
1648185240000,3140.44,3144.79,3140.44,3141.67,20.088,1648185299999,63128.61522,49,17.599,55309.04391,0
1648185300000,3143.23,3143.23,3136.87,3137.48,13.056,1648185359999,40980.61639,32,2.368,7432.57307,0
1648185360000,3137.47,3137.48,3136.07,3137.01,7.895,1648185419999,24767.23747,18,1.208,3790.07584,0
1648185420000,3136.48,3136.48,3135.31,3135.31,8.972,1648185479999,28135.33763,20,0.052,163.09644,0
1648185480000,3136.72,3136.72,3134.30,3135.48,7.291,1648185539999,22865.25468,18,0.822,2578.18686,0
1648185540000,3134.00,3134.11,3132.38,3134.11,7.352,1648185599999,23039.47961,13,1.006,3152.90810,0
1648185600000,3132.81,3132.84,3131.19,3131.19,5.671,1648185659999,17763.73355,16,0.000,0.00000,0
1648185660000,3131.53,3131.58,3131.20,3131.20,5.114,1648185719999,16013.72071,11,0.000,0.00000,0
1648185720000,3133.50,3133.50,3133.50,3133.50,0.081,1648185779999,253.81350,1,0.000,0.00000,0
1648185780000,3133.62,3133.62,3133.62,3133.62,0.046,1648185839999,144.14652,1,0.000,0.00000,0
1648185840000,3132.86,3132.86,3131.77,3132.27,4.904,1648185899999,15360.16280,11,0.006,18.79362,0
1648185900000,3132.24,3132.31,3132.24,3132.31,0.285,1648185959999,892.69722,64,0.285,892.69722,0
1648185960000,3133.28,3133.67,3132.53,3132.53,1.196,1648186019999,3746.93812,5,0.496,1554.14809,0
1648186020000,3133.02,3133.02,3132.56,3132.56,2.068,1648186079999,6478.20300,5,0.092,288.23784,0
1648186080000,3132.31,3132.64,3131.32,3132.64,3.312,1648186139999,10373.66295,11,0.093,291.29871,0
1648186140000,3132.27,3132.84,3132.27,3132.69,2.022,1648186199999,6333.46302,7,0.024,75.18756,0
1648186200000,3132.35,3133.02,3132.11,3132.11,2.762,1648186259999,8651.55067,6,0.362,1134.03167,0
1648186260000,3131.57,3131.57,3125.80,3125.80,11.996,1648186319999,37531.80823,29,0.002,6.25730,0
1648186320000,3125.80,3128.59,3125.00,3128.59,2.683,1648186379999,8388.33509,18,1.308,4090.53612,0
1648186380000,3128.60,3130.24,3128.60,3129.54,1.181,1648186439999,3696.01267,5,0.323,1010.84659,0
1648186440000,3129.67,3129.67,3126.55,3129.02,7.360,1648186499999,23024.80577,21,1.221,3820.51083,0
1648186500000,3129.90,3129.91,3129.49,3129.91,2.007,1648186559999,6280.93037,3,0.000,0.00000,0
1648186560000,3129.91,3129.91,3129.91,3129.91,0.000,1648186619999,0.00000,0,0.000,0.00000,0
1648186620000,3129.62,3129.62,3128.26,3128.26,8.045,1648186679999,25172.78910,13,0.000,0.00000,0
1648186680000,3129.14,3130.57,3129.14,3130.20,2.907,1648186739999,9098.99410,8,1.703,5330.21938,0
1648186740000,3129.52,3129.52,3129.52,3129.52,1.900,1648186799999,5946.08800,1,0.000,0.00000,0
1648186800000,3129.45,3129.46,3128.99,3128.99,2.593,1648186859999,8113.53886,9,0.113,353.62871,0
1648186860000,3129.52,3129.52,3129.52,3129.52,0.726,1648186919999,2272.03152,3,0.726,2272.03152,0
1648186920000,3129.52,3129.52,3129.52,3129.52,0.000,1648186979999,0.00000,0,0.000,0.00000,0
1648186980000,3129.80,3129.80,3129.41,3129.41,3.600,1648187039999,11266.65561,6,0.000,0.00000,0
1648187040000,3129.38,3129.43,3129.38,3129.43,0.953,1648187099999,2982.30234,6,0.953,2982.30234,0
1648187100000,3129.29,3129.29,3126.06,3126.06,7.098,1648187159999,22199.85446,21,0.007,21.90503,0
1648187160000,3126.63,3127.33,3126.63,3127.33,1.476,1648187219999,4615.22669,5,1.309,4093.00738,0
1648187220000,3129.05,3131.31,3129.05,3129.37,6.335,1648187279999,19828.90815,15,4.500,14086.39698,0
1648187280000,3130.53,3130.55,3130.53,3130.55,0.394,1648187339999,1233.43390,3,0.394,1233.43390,0
1648187340000,3130.17,3130.23,3128.81,3130.23,2.132,1648187399999,6671.31635,7,0.274,857.65574,0
1648187400000,3130.34,3130.34,3130.34,3130.34,0.007,1648187459999,21.91238,1,0.000,0.00000,0
1648187460000,3130.91,3131.33,3130.91,3130.93,1.057,1648187519999,3309.39995,8,0.007,21.91931,0
1648187520000,3130.94,3130.94,3128.66,3129.51,4.157,1648187579999,13010.50986,14,1.453,4548.60803,0
1648187580000,3130.80,3130.81,3128.83,3128.84,3.068,1648187639999,9601.31205,9,0.998,3124.54239,0
1648187640000,3129.94,3129.94,3128.83,3128.83,11.119,1648187699999,34789.52530,19,0.058,181.53652,0
1648187700000,3128.83,3128.83,3122.78,3125.95,13.771,1648187759999,43042.49798,35,1.411,4409.96040,0
1648187760000,3124.56,3125.86,3123.68,3125.86,11.386,1648187819999,35583.64619,10,9.474,29609.49627,0
1648187820000,3124.69,3124.70,3123.06,3124.24,4.508,1648187879999,14081.61188,10,1.616,5048.91438,0
1648187880000,3124.24,3125.90,3124.24,3125.41,1.225,1648187939999,3828.86449,7,0.225,702.98728,0
1648187940000,3124.00,3124.00,3122.44,3122.73,2.577,1648187999999,8048.45579,15,0.329,1027.59891,0
1648188000000,3124.07,3126.09,3124.07,3125.02,3.287,1648188059999,10270.68847,10,1.718,5367.66492,0
1648188060000,3125.80,3126.80,3125.34,3125.34,10.807,1648188119999,33789.06694,11,10.752,33617.17324,0
1648188120000,3126.73,3127.65,3126.73,3126.78,3.763,1648188179999,11766.49024,13,0.460,1438.29580,0
1648188180000,3127.33,3127.33,3125.99,3125.99,0.457,1648188239999,1428.83795,6,0.115,359.48885,0
1648188240000,3126.32,3126.32,3124.80,3124.84,2.748,1648188299999,8588.07824,6,0.156,487.46880,0
1648188300000,3125.89,3128.99,3125.89,3128.99,0.638,1648188359999,1995.59398,5,0.638,1995.59398,0
1648188360000,3128.96,3128.96,3128.96,3128.96,0.110,1648188419999,344.18560,1,0.110,344.18560,0
1648188420000,3130.17,3131.34,3130.17,3131.34,10.469,1648188479999,32781.57658,14,10.245,32080.40800,0
1648188480000,3131.33,3131.94,3129.63,3129.63,9.219,1648188539999,28865.48397,22,0.251,786.02449,0
1648188540000,3129.95,3132.25,3129.95,3132.22,6.022,1648188599999,18854.47579,14,0.187,585.72832,0
1648188600000,3132.22,3132.22,3132.22,3132.22,0.000,1648188659999,0.00000,0,0.000,0.00000,0
1648188660000,3132.49,3133.65,3132.49,3132.68,2.323,1648188719999,7279.13596,20,0.102,319.51398,0
1648188720000,3133.02,3133.16,3132.68,3133.16,2.502,1648188779999,7838.53538,9,1.271,3982.20630,0
1648188780000,3133.16,3133.16,3133.16,3133.16,0.000,1648188839999,0.00000,0,0.000,0.00000,0
1648188840000,3132.85,3133.18,3131.27,3133.03,5.893,1648188899999,18459.73538,17,0.100,313.19212,0
1648188900000,3133.03,3133.03,3133.03,3133.03,0.000,1648188959999,0.00000,0,0.000,0.00000,0
1648188960000,3134.30,3138.93,3134.30,3138.93,10.811,1648189019999,33918.21714,43,5.120,16064.20629,0
1648189020000,3137.82,3137.82,3133.90,3134.19,8.160,1648189079999,25587.89048,30,0.074,232.11662,0
1648189080000,3133.22,3133.52,3133.22,3133.52,0.115,1648189139999,360.35270,2,0.000,0.00000,0
1648189140000,3133.92,3135.27,3132.68,3135.27,10.006,1648189199999,31353.03534,21,3.708,11616.04680,0
1648189200000,3135.75,3135.75,3135.28,3135.28,0.971,1648189259999,3044.72254,3,0.000,0.00000,0
1648189260000,3137.85,3139.13,3137.85,3138.20,4.847,1648189319999,15212.08419,19,1.025,3216.79410,0
1648189320000,3138.21,3138.21,3137.26,3138.00,5.950,1648189379999,18669.58927,12,0.020,62.76260,0
1648189380000,3138.00,3139.00,3137.80,3137.80,5.466,1648189439999,17155.77565,15,0.997,3129.30460,0
1648189440000,3138.44,3138.44,3136.79,3136.79,0.437,1648189499999,1371.39081,4,0.318,998.02392,0
1648189500000,3137.55,3138.06,3137.51,3137.51,0.646,1648189559999,2026.92873,5,0.159,498.95154,0
1648189560000,3137.51,3137.51,3136.21,3136.21,3.316,1648189619999,10401.42442,5,0.000,0.00000,0
1648189620000,3136.62,3137.90,3136.62,3137.90,0.601,1648189679999,1885.73454,2,0.489,1534.43310,0
1648189680000,3137.81,3138.18,3137.81,3138.18,1.131,1648189739999,3548.99113,6,1.131,3548.99113,0
1648189740000,3138.11,3138.11,3137.04,3137.04,2.875,1648189799999,9021.14999,7,0.145,454.89400,0
1648189800000,3137.73,3137.74,3137.73,3137.74,1.226,1648189859999,3846.85751,4,0.053,166.30022,0
1648189860000,3137.74,3138.29,3136.13,3136.13,38.936,1648189919999,122179.86485,27,12.267,38490.78790,0
1648189920000,3136.15,3136.15,3134.66,3135.02,5.565,1648189979999,17448.79274,14,0.000,0.00000,0
1648189980000,3135.15,3142.31,3134.93,3141.38,22.047,1648190039999,69161.34321,31,19.718,61854.34259,0
1648190040000,3139.90,3142.53,3139.84,3142.46,4.907,1648190099999,15413.73027,17,1.366,4291.44388,0
1648190100000,3142.46,3142.46,3138.34,3138.68,12.068,1648190159999,37897.03314,27,1.901,5969.30209,0
1648190160000,3138.77,3139.78,3137.37,3139.78,14.608,1648190219999,45842.12430,21,3.466,10878.45532,0
1648190220000,3139.78,3139.78,3138.76,3138.78,4.406,1648190279999,13832.37103,16,1.067,3349.59277,0
1648190280000,3139.71,3139.72,3139.71,3139.72,0.634,1648190339999,1990.58096,4,0.629,1974.88241,0
1648190340000,3140.53,3141.91,3140.42,3141.24,5.670,1648190399999,17812.33778,15,1.546,4856.44663,0
1648190400000,3141.89,3143.27,3141.49,3142.01,8.911,1648190459999,28000.06287,30,1.718,5398.76037,0
1648190460000,3142.00,3142.53,3139.15,3141.32,9.943,1648190519999,31234.03970,25,0.317,995.79844,0
1648190520000,3140.65,3141.23,3140.54,3140.54,3.313,1648190579999,10406.23861,8,0.661,2076.20265,0
1648190580000,3139.41,3139.89,3134.15,3137.63,15.288,1648190639999,47960.62190,58,1.731,5429.40348,0
1648190640000,3136.91,3137.74,3136.75,3137.07,7.718,1648190699999,24212.52943,22,3.973,12464.75152,0
1648190700000,3136.74,3137.62,3129.28,3133.88,53.081,1648190759999,166364.24019,96,3.876,12148.07153,0
1648190760000,3133.00,3133.80,3131.00,3133.80,10.109,1648190819999,31670.10045,26,3.002,9406.63180,0
1648190820000,3133.02,3133.05,3131.67,3132.58,3.955,1648190879999,12388.64055,15,1.840,5764.77137,0
1648190880000,3132.58,3133.71,3131.00,3132.79,8.967,1648190939999,28090.19527,25,2.545,7974.58656,0
1648190940000,3133.80,3135.00,3133.80,3133.87,6.955,1648190999999,21800.38578,14,4.686,14689.40108,0
1648191000000,3135.00,3135.25,3134.16,3135.25,4.414,1648191059999,13836.99436,10,0.437,1370.08897,0
1648191060000,3135.32,3135.32,3130.90,3132.36,6.777,1648191119999,21235.86129,21,1.675,5250.18872,0
1648191120000,3133.79,3134.22,3131.97,3134.22,8.879,1648191179999,27822.69133,19,7.507,23525.06509,0
1648191180000,3133.67,3134.36,3133.32,3134.35,3.944,1648191239999,12360.14943,17,1.656,5190.42370,0
1648191240000,3134.82,3136.24,3134.82,3136.18,11.258,1648191299999,35305.16749,19,8.618,27025.57789,0
1648191300000,3136.19,3139.00,3136.19,3139.00,8.242,1648191359999,25860.13812,27,7.062,22156.81705,0
1648191360000,3138.99,3140.01,3137.92,3139.87,12.273,1648191419999,38531.40059,25,9.198,28877.84062,0
1648191420000,3139.87,3140.80,3139.25,3139.95,5.782,1648191479999,18155.61866,15,1.834,5758.59587,0
1648191480000,3139.96,3140.66,3138.49,3140.04,7.294,1648191539999,22900.42146,23,1.769,5555.58060,0
1648191540000,3140.04,3140.50,3139.50,3140.50,3.451,1648191599999,10836.68710,8,0.127,398.76607,0
1648191600000,3140.50,3140.50,3139.56,3139.76,2.094,1648191659999,6575.20967,10,0.233,731.63647,0
1648191660000,3139.76,3139.76,3136.58,3138.34,3.149,1648191719999,9883.90778,11,0.230,721.59180,0
1648191720000,3138.35,3139.42,3138.35,3139.42,1.183,1648191779999,3713.23462,8,1.062,3333.44950,0
1648191780000,3139.36,3140.49,3139.36,3139.80,5.937,1648191839999,18642.82840,15,4.227,13272.66960,0
1648191840000,3140.12,3140.12,3140.12,3140.12,0.162,1648191899999,508.69944,1,0.000,0.00000,0
1648191900000,3138.69,3140.72,3138.69,3140.72,1.079,1648191959999,3387.38366,5,0.619,1943.24242,0
1648191960000,3140.72,3140.72,3139.70,3139.70,2.494,1648192019999,7832.43446,7,0.460,1444.26200,0
1648192020000,3139.71,3139.71,3139.71,3139.71,0.482,1648192079999,1513.34022,2,0.482,1513.34022,0
1648192080000,3140.01,3140.09,3138.80,3139.38,13.572,1648192139999,42610.59412,32,7.705,24191.65744,0
1648192140000,3139.38,3139.38,3138.80,3138.81,3.673,1648192199999,11530.05964,14,0.500,1569.40500,0
1648192200000,3138.81,3139.71,3138.80,3139.71,12.456,1648192259999,39100.84959,28,4.360,13688.43300,0
1648192260000,3139.86,3141.51,3139.86,3140.82,4.580,1648192319999,14384.76633,21,4.472,14045.58569,0
1648192320000,3140.76,3142.28,3140.76,3142.28,6.079,1648192379999,19100.39789,18,5.662,17790.10130,0
1648192380000,3142.43,3143.21,3142.27,3143.21,13.819,1648192439999,43430.27293,40,5.622,17668.67054,0
1648192440000,3142.28,3143.27,3142.28,3143.27,4.601,1648192499999,14461.08773,18,2.915,9161.60287,0
1648192500000,3142.59,3143.54,3142.59,3142.98,6.497,1648192559999,20422.26625,14,1.494,4696.08452,0
1648192560000,3143.51,3143.55,3142.27,3142.27,15.276,1648192619999,48005.93892,39,4.063,12768.67612,0
1648192620000,3142.27,3142.78,3142.27,3142.27,6.945,1648192679999,21824.19468,21,1.727,5426.95389,0
1648192680000,3142.42,3142.45,3142.27,3142.27,27.049,1648192739999,84995.62343,33,6.234,19589.21628,0
1648192740000,3142.27,3142.89,3142.27,3142.89,9.903,1648192799999,31118.22874,21,4.727,14853.79214,0
1648192800000,3142.75,3143.00,3142.27,3143.00,6.390,1648192859999,20080.79472,17,2.234,7020.89420,0
1648192860000,3143.00,3143.46,3142.92,3142.94,1.473,1648192919999,4629.61954,10,1.110,3488.73716,0
1648192920000,3142.88,3144.08,3142.86,3143.11,13.486,1648192979999,42393.68838,32,12.346,38809.77918,0
1648192980000,3142.73,3145.00,3142.73,3145.00,9.275,1648193039999,29165.01556,32,7.412,23307.33666,0
1648193040000,3144.93,3145.00,3144.07,3144.68,5.697,1648193099999,17915.09230,21,3.857,12128.86270,0
1648193100000,3144.68,3144.69,3143.09,3143.10,5.818,1648193159999,18291.01312,15,1.884,5921.82986,0
1648193160000,3142.70,3143.05,3141.67,3142.12,4.563,1648193219999,14339.60920,11,2.750,8641.55701,0
1648193220000,3142.55,3143.59,3142.55,3143.59,2.055,1648193279999,6459.77628,10,1.527,4800.02412,0
1648193280000,3143.47,3143.47,3141.10,3141.10,6.721,1648193339999,21121.20492,13,2.804,8811.07498,0
1648193340000,3142.13,3143.45,3142.13,3143.13,3.569,1648193399999,11216.32717,5,2.284,7177.40512,0
1648193400000,3143.13,3143.13,3141.23,3142.65,6.252,1648193459999,19649.45868,16,1.989,6250.72488,0
1648193460000,3142.72,3142.93,3141.22,3142.19,5.173,1648193519999,16257.03974,15,1.627,5112.76252,0
1648193520000,3142.19,3142.29,3140.84,3140.84,3.718,1648193579999,11682.60941,8,1.633,5131.10072,0
1648193580000,3140.45,3141.94,3140.39,3141.94,20.078,1648193639999,63061.66729,23,3.144,9876.40668,0
1648193640000,3141.82,3141.82,3139.15,3139.23,7.185,1648193699999,22557.99193,18,4.058,12739.77191,0
1648193700000,3139.24,3139.45,3136.93,3136.99,37.889,1648193759999,118927.32611,90,2.749,8628.68075,0
1648193760000,3137.84,3139.06,3136.73,3136.73,17.122,1648193819999,53726.17757,58,5.952,18679.15415,0
1648193820000,3136.96,3137.71,3130.61,3135.38,45.561,1648193879999,142829.67362,78,2.063,6471.38862,0
1648193880000,3135.27,3136.42,3128.01,3130.30,88.622,1648193939999,277634.95332,126,1.217,3815.94338,0
1648193940000,3134.42,3134.83,3124.11,3132.07,111.758,1648193999999,349879.71501,140,8.100,25375.10912,0
1648194000000,3133.96,3135.92,3133.91,3133.91,4.939,1648194059999,15481.80828,15,1.472,4615.24568,0
1648194060000,3135.88,3136.71,3133.05,3134.01,15.436,1648194119999,48399.16767,37,7.854,24629.22099,0
1648194120000,3134.67,3134.75,3133.69,3133.89,4.708,1648194179999,14758.12207,11,0.120,376.12440,0
1648194180000,3134.50,3135.56,3134.32,3135.56,4.466,1648194239999,13998.45701,11,2.296,7196.74382,0
1648194240000,3134.93,3135.80,3134.93,3135.79,5.612,1648194299999,17597.95080,10,3.942,12361.32168,0
1648194300000,3135.79,3135.79,3134.14,3134.73,2.878,1648194359999,9020.46086,14,0.698,2187.84007,0
1648194360000,3135.61,3135.61,3133.78,3134.51,8.812,1648194419999,27625.22593,16,7.081,22199.80266,0
1648194420000,3134.15,3134.16,3132.14,3132.14,14.886,1648194479999,46632.99229,34,2.135,6691.26301,0
1648194480000,3132.19,3133.38,3132.15,3132.16,23.413,1648194539999,73334.55371,51,5.154,16144.08257,0
1648194540000,3132.16,3133.88,3132.16,3132.23,12.627,1648194599999,39556.15221,34,11.314,35443.40324,0
1648194600000,3132.24,3133.56,3132.23,3133.52,6.118,1648194659999,19170.58797,7,6.035,18910.61288,0
1648194660000,3133.52,3136.61,3133.52,3133.62,0.411,1648194719999,1288.34166,6,0.318,996.91760,0
1648194720000,3135.39,3135.83,3135.39,3135.83,0.779,1648194779999,2442.79925,4,0.068,213.22412,0
1648194780000,3135.84,3135.84,3135.84,3135.84,0.018,1648194839999,56.44512,1,0.018,56.44512,0
1648194840000,3135.83,3136.18,3135.83,3136.18,0.538,1648194899999,1687.22004,3,0.410,1285.83380,0
1648194900000,3135.83,3136.21,3133.62,3135.88,7.557,1648194959999,23689.59683,8,5.412,16965.06252,0
1648194960000,3133.63,3136.30,3133.63,3136.30,2.289,1648195019999,7177.13286,4,2.129,6675.75206,0
1648195020000,3136.31,3136.31,3136.31,3136.31,21.173,1648195079999,66405.09163,4,21.173,66405.09163,0
1648195080000,3136.36,3136.76,3136.36,3136.76,90.000,1648195139999,282290.40000,12,90.000,282290.40000,0
1648195140000,3136.77,3138.27,3136.77,3138.27,24.536,1648195199999,76981.33523,7,24.536,76981.33523,0
1648195200000,3138.27,3138.27,3138.27,3138.27,0.000,1648195259999,0.00000,0,0.000,0.00000,0
