1647529200000,9.2510,9.2510,8.5040,8.7750,202398,1647529259999,1780783.9240,2840,82382,726900.0120,0
1647529260000,8.7570,8.8920,8.6580,8.8110,175378,1647529319999,1537927.0910,3668,86144,756805.3370,0
1647529320000,8.8080,8.9850,8.7910,8.9130,154945,1647529379999,1379602.0110,3441,93296,831194.1740,0
1647529380000,8.9280,9.0300,8.8560,8.9130,140674,1647529439999,1261771.8790,3764,58811,527915.1390,0
1647529440000,8.9120,9.0000,8.8730,8.9520,88550,1647529499999,790692.2640,2451,42840,382803.9260,0
1647529500000,8.9420,9.0000,8.8880,8.9420,83076,1647529559999,742163.5070,2370,35004,313122.6830,0
1647529560000,8.9410,9.0500,8.9120,9.0020,87144,1647529619999,783536.8070,2797,44103,396631.4740,0
1647529620000,9.0030,9.0250,8.9280,8.9870,81401,1647529679999,731221.5150,2209,27750,249475.2990,0
1647529680000,8.9770,9.0380,8.9500,8.9630,72553,1647529739999,651935.5050,2186,29832,268222.0340,0
1647529740000,8.9590,8.9590,8.8160,8.8410,119616,1647529799999,1061668.4240,3244,48060,426626.1730,0
1647529800000,8.8500,8.8940,8.7620,8.7720,117874,1647529859999,1040645.1450,3055,43829,387000.5780,0
1647529860000,8.7700,8.8200,8.7000,8.7520,147476,1647529919999,1291727.1970,3433,74800,655491.9140,0
1647529920000,8.7520,8.7790,8.7200,8.7780,51043,1647529979999,446614.9700,2133,27450,240309.7430,0
1647529980000,8.7780,8.8270,8.6570,8.6950,129518,1647530039999,1131552.9030,3883,65699,574646.7490,0
1647530040000,8.6960,8.6960,8.5500,8.5920,142749,1647530099999,1229121.9970,3712,64991,559704.1190,0
1647530100000,8.5920,8.6070,8.5010,8.5680,138372,1647530159999,1184005.7090,3652,71761,614377.0200,0
1647530160000,8.5670,8.7370,8.5220,8.7370,165893,1647530219999,1430622.7240,4005,110261,951258.5030,0
1647530220000,8.7370,8.7450,8.6040,8.6040,119398,1647530279999,1034643.2010,3033,39151,339248.3040,0
1647530280000,8.6040,8.7000,8.5780,8.6560,87305,1647530339999,753716.3790,2944,48393,418083.6290,0
1647530340000,8.6570,8.7050,8.6040,8.6800,96839,1647530399999,838646.9600,2735,47333,409883.1390,0
1647530400000,8.6890,8.7500,8.6680,8.7500,69631,1647530459999,607078.9900,2098,41903,365408.2250,0
1647530460000,8.7490,8.7970,8.6900,8.7270,135885,1647530519999,1187872.2750,3533,79097,691753.2900,0
1647530520000,8.7270,8.7500,8.6960,8.7110,58468,1647530579999,509726.5160,1819,22526,196560.8190,0
1647530580000,8.7120,8.7450,8.6580,8.6580,60589,1647530639999,527635.1430,2101,21547,187771.0890,0
1647530640000,8.6580,8.6900,8.6330,8.6510,109650,1647530699999,949099.1200,2819,42047,364056.5800,0
1647530700000,8.6510,8.6600,8.6010,8.6110,102503,1647530759999,885074.7800,2590,34590,298644.9640,0
1647530760000,8.6070,8.6130,8.4610,8.4930,258263,1647530819999,2198764.7460,7175,95309,811960.2000,0
1647530820000,8.4930,8.5000,8.3160,8.3160,231169,1647530879999,1943974.0170,5274,76575,645130.6900,0
1647530880000,8.3160,8.5000,8.2790,8.4990,315325,1647530939999,2644641.6880,6459,195160,1639334.5650,0
1647530940000,8.4930,8.6150,8.4480,8.5610,298393,1647530999999,2548596.7490,6654,148696,1270977.9680,0
1647531000000,8.5600,8.5790,8.5050,8.5180,100038,1647531059999,854267.2680,3028,51536,440220.0360,0
1647531060000,8.5200,8.5330,8.4550,8.4600,120315,1647531119999,1023139.1650,3337,52242,444520.5720,0
1647531120000,8.4590,8.5470,8.4320,8.5150,109246,1647531179999,927608.3360,3504,63630,540641.6400,0
1647531180000,8.5140,8.6160,8.4660,8.4840,138994,1647531239999,1185555.2630,4209,76229,650611.9870,0
1647531240000,8.4850,8.5050,8.3610,8.3670,163003,1647531299999,1372449.3980,4547,68324,575466.0400,0
1647531300000,8.3650,8.4230,8.3320,8.3420,162654,1647531359999,1361931.8640,3863,90650,759667.8170,0
1647531360000,8.3420,8.3550,8.2110,8.2640,264586,1647531419999,2189514.6140,7170,128341,1062623.3400,0
1647531420000,8.2650,8.4000,8.2240,8.3770,182375,1647531479999,1514995.1370,4862,96502,802320.8200,0
1647531480000,8.3770,8.3810,8.0850,8.1100,259865,1647531539999,2129392.3350,7864,99338,814082.6990,0
1647531540000,8.1080,8.1850,8.0500,8.0730,318326,1647531599999,2581807.0480,7436,172016,1395327.2040,0
1647531600000,8.0730,8.1200,8.0290,8.1110,207826,1647531659999,1677621.8360,5606,104529,844279.8750,0
1647531660000,8.0990,8.1240,7.9400,7.9610,222545,1647531719999,1788668.0270,5844,83038,669278.4040,0
1647531720000,7.9610,8.0040,7.7910,7.8380,454955,1647531779999,3598585.2150,10074,202920,1607350.2680,0
1647531780000,7.8310,7.8600,7.6940,7.7120,472580,1647531839999,3677195.1700,9664,197237,1536875.5040,0
1647531840000,7.6990,7.8530,7.6860,7.7910,291154,1647531899999,2269303.2120,7346,165347,1289483.2300,0
1647531900000,7.7970,7.9200,7.7780,7.8910,265677,1647531959999,2086064.9890,6166,156635,1231189.1310,0
1647531960000,7.8910,7.8930,7.7480,7.8130,212998,1647532019999,1663214.1220,5713,107253,837183.5610,0
1647532020000,7.8130,7.8630,7.7430,7.8030,243381,1647532079999,1898762.0100,6123,130433,1018417.3910,0
1647532080000,7.8030,7.8970,7.7720,7.8490,163779,1647532139999,1285027.7140,4510,91882,721029.4280,0
1647532140000,7.8520,7.8840,7.7630,7.8130,150659,1647532199999,1177154.7470,4839,89942,702935.6270,0
1647532200000,7.8110,8.0000,7.7890,7.9710,262394,1647532259999,2077840.7360,7158,169066,1339934.0990,0
1647532260000,7.9710,8.0000,7.7960,7.8170,336089,1647532319999,2641756.1930,7738,130367,1023715.2530,0
1647532320000,7.8170,7.8370,7.5860,7.5860,343344,1647532379999,2657803.0530,8017,138786,1079394.7110,0
1647532380000,7.6000,7.6470,7.4820,7.5810,588743,1647532439999,4456594.9290,10300,314788,2385031.2000,0
1647532440000,7.5830,7.6070,7.5020,7.5720,221190,1647532499999,1670969.4650,5900,112292,848936.7450,0
1647532500000,7.5690,7.6150,7.4880,7.5100,334538,1647532559999,2526655.3360,7206,133685,1010433.9870,0
1647532560000,7.5190,7.5560,7.3110,7.3150,444901,1647532619999,3303960.6550,10371,179829,1337254.3460,0
1647532620000,7.3150,7.4050,7.2310,7.2920,504904,1647532679999,3692862.2230,11149,234487,1717883.0870,0
1647532680000,7.2920,7.4290,7.2830,7.3730,364314,1647532739999,2688024.2560,8614,174714,1289957.8140,0
1647532740000,7.3710,7.5010,7.3000,7.3420,375803,1647532799999,2784824.6410,8525,183017,1358335.1440,0
1647532800000,7.3350,7.5000,7.3120,7.4110,344878,1647532859999,2552578.4530,7917,184109,1363833.9870,0
1647532860000,7.4080,7.6510,7.4000,7.6510,522894,1647532919999,3952007.1030,11126,305298,2308071.9850,0
1647532920000,7.6370,7.8440,7.5500,7.5940,889080,1647532979999,6851090.7250,20090,471240,3635816.7080,0
1647532980000,7.6070,7.6280,7.4500,7.4710,365911,1647533039999,2758382.0780,9931,160140,1208176.3360,0
1647533040000,7.4710,7.4780,7.3000,7.4200,415321,1647533099999,3068729.5930,9706,213507,1577875.8360,0
1647533100000,7.4180,7.4950,7.3000,7.3850,302830,1647533159999,2240366.7000,7623,148820,1101839.0010,0
1647533160000,7.3850,7.4000,7.3020,7.3260,236121,1647533219999,1734837.7900,6119,118859,873932.5160,0
1647533220000,7.3270,7.3310,7.1740,7.2730,413474,1647533279999,2997757.7430,10192,200882,1456709.5910,0
1647533280000,7.2730,7.4340,7.2600,7.3510,410261,1647533339999,3014156.4680,9176,219049,1610219.6620,0
1647533340000,7.3530,7.4000,7.2300,7.2970,203136,1647533399999,1485534.8010,5750,107008,782921.2940,0
1647533400000,7.2960,7.3070,7.1990,7.2720,268203,1647533459999,1944320.5840,7317,119329,865828.6550,0
1647533460000,7.2730,7.2920,7.1700,7.2750,255852,1647533519999,1847952.3390,5809,125530,907259.4010,0
1647533520000,7.2730,7.3790,7.2460,7.3610,277634,1647533579999,2029319.6370,6770,155284,1135665.5640,0
1647533580000,7.3600,7.3850,7.2720,7.3580,179295,1647533639999,1315687.8770,4287,82476,605519.2200,0
1647533640000,7.3580,7.4930,7.3460,7.3830,333918,1647533699999,2478947.3320,6584,208974,1552824.6030,0
1647533700000,7.3830,7.6000,7.3770,7.5350,428869,1647533759999,3226329.5320,9251,250898,1888482.5610,0
1647533760000,7.5340,7.5810,7.4500,7.4730,215405,1647533819999,1616355.9690,5471,106750,801349.0580,0
1647533820000,7.4720,7.6000,7.4670,7.5980,209509,1647533879999,1582977.7720,5132,129922,982024.1570,0
1647533880000,7.5980,7.6200,7.4760,7.5550,264204,1647533939999,1997067.4160,6398,121587,920232.2300,0
1647533940000,7.5560,7.5680,7.4870,7.5190,169230,1647533999999,1273350.8350,4366,72572,546183.0530,0
1647534000000,7.5100,7.5880,7.4820,7.4930,167630,1647534059999,1261376.7850,4260,85097,640433.7530,0
1647534060000,7.4840,7.5000,7.3620,7.4510,297729,1647534119999,2211571.8130,6735,134711,1000895.9130,0
1647534120000,7.4520,7.5700,7.4100,7.5680,227878,1647534179999,1705615.5810,4885,117637,881131.9910,0
1647534180000,7.5680,7.6490,7.5060,7.6140,313651,1647534239999,2380938.1440,7033,187596,1425141.6430,0
1647534240000,7.6090,7.6500,7.5000,7.5840,275361,1647534299999,2088359.8540,6081,145977,1107692.6080,0
1647534300000,7.5830,7.6500,7.5490,7.6340,194364,1647534359999,1476919.7990,3968,114842,873244.6680,0
1647534360000,7.6320,7.7680,7.5660,7.7380,287373,1647534419999,2203542.6380,5968,181275,1392142.9710,0
1647534420000,7.7380,7.7500,7.6660,7.6940,273604,1647534479999,2106107.2070,5289,155242,1195206.4400,0
1647534480000,7.6890,7.6920,7.6190,7.6640,164853,1647534539999,1261958.4650,3731,70210,537759.5130,0
1647534540000,7.6650,7.7270,7.6600,7.6990,242791,1647534599999,1868458.7230,4268,144270,1110399.4500,0
1647534600000,7.6980,7.9000,7.6980,7.8800,585357,1647534659999,4574896.1940,10535,407881,3188544.9230,0
1647534660000,7.8760,7.9250,7.7660,7.8860,363655,1647534719999,2858301.0490,7823,187219,1471971.4740,0
1647534720000,7.8850,7.8990,7.7500,7.7500,380224,1647534779999,2964345.0110,6258,124139,969162.3110,0
1647534780000,7.7570,7.7720,7.6730,7.7430,294696,1647534839999,2275300.4030,6010,135269,1044994.8520,0
1647534840000,7.7440,7.8500,7.7420,7.7480,202837,1647534899999,1580055.3170,4849,108713,847592.5950,0
1647534900000,7.7480,7.7480,7.6400,7.6660,305245,1647534959999,2343069.8140,6726,132594,1018318.7510,0
1647534960000,7.6700,7.6740,7.5500,7.6610,287715,1647535019999,2190376.0720,5897,120371,917568.1570,0
1647535020000,7.6620,7.7390,7.6500,7.6580,212370,1647535079999,1632112.6420,4592,101855,783803.6480,0
1647535080000,7.6580,7.7300,7.6360,7.7170,127366,1647535139999,979258.1870,3396,58732,452054.0620,0
1647535140000,7.7190,7.9180,7.6870,7.8970,264530,1647535199999,2067600.0150,5604,165139,1291774.9500,0
1647535200000,7.8940,8.0490,7.8350,7.9960,640329,1647535259999,5086323.5060,11504,337396,2680710.9930,0
1647535260000,7.9910,8.0800,7.9250,7.9570,314875,1647535319999,2521890.6320,7367,163251,1308575.7450,0
1647535320000,7.9580,8.0230,7.9120,7.9960,179518,1647535379999,1432020.0030,5114,92769,740266.3050,0
1647535380000,7.9960,8.0500,7.9740,8.0340,154702,1647535439999,1238878.9740,4147,91963,736748.6150,0
1647535440000,8.0430,8.1500,7.9920,8.1000,324864,1647535499999,2626695.4580,6937,209497,1695309.2850,0
1647535500000,8.1010,8.1340,7.9690,8.0600,292677,1647535559999,2354355.9720,7040,145307,1169427.1370,0
1647535560000,8.0600,8.1480,8.0020,8.0230,246132,1647535619999,1987447.5900,6620,129061,1042661.4740,0
1647535620000,8.0220,8.1690,7.9950,8.1690,246385,1647535679999,1988264.3990,5830,134619,1087885.7780,0
1647535680000,8.1610,8.2100,8.1190,8.1700,341802,1647535739999,2794149.1600,7899,206285,1687485.1780,0
1647535740000,8.1660,8.2030,8.1000,8.1060,184392,1647535799999,1502387.5080,4773,86193,702796.3140,0
1647535800000,8.1060,8.1870,8.0390,8.1610,265003,1647535859999,2151716.6400,6382,119457,970766.8180,0
1647535860000,8.1580,8.1990,8.1200,8.1380,125668,1647535919999,1025980.1240,3652,55935,456905.7680,0
1647535920000,8.1510,8.2300,8.1110,8.1940,217517,1647535979999,1777206.2670,4435,115666,945954.2250,0
1647535980000,8.2000,8.2000,8.0100,8.0610,274842,1647536039999,2220333.7820,7213,105357,850930.9840,0
1647536040000,8.0620,8.0800,7.9800,8.0090,249459,1647536099999,2001510.0410,6016,93041,747061.4860,0
1647536100000,8.0120,8.0300,7.9300,7.9900,240225,1647536159999,1915541.8760,6025,99589,794732.5760,0
1647536160000,7.9850,8.1340,7.9700,8.0760,257956,1647536219999,2080405.0550,5918,141299,1139072.3500,0
1647536220000,8.0810,8.1940,8.0700,8.1720,178871,1647536279999,1456618.7510,4470,93538,761452.7980,0
1647536280000,8.1720,8.2000,8.0400,8.1650,231861,1647536339999,1882771.7690,6289,108208,878881.0060,0
1647536340000,8.1590,8.1650,8.0990,8.1340,75304,1647536399999,612307.3170,2589,31914,259505.1470,0
1647536400000,8.1320,8.2460,8.1160,8.2000,283408,1647536459999,2318862.7060,6598,158613,1298322.9420,0
1647536460000,8.1990,8.2150,8.0730,8.0780,220988,1647536519999,1800985.5430,5967,93790,764883.3100,0
1647536520000,8.0780,8.1740,8.0530,8.1220,168682,1647536579999,1368434.6020,4622,92687,751796.2600,0
1647536580000,8.1270,8.1310,8.0600,8.0630,93085,1647536639999,752982.7680,3415,44468,359787.3370,0
1647536640000,8.0630,8.0860,8.0060,8.0520,161079,1647536699999,1295449.3420,4811,74436,598821.6220,0
1647536700000,8.0530,8.0860,8.0150,8.0490,94315,1647536759999,758880.6060,2868,46433,373715.2170,0
1647536760000,8.0510,8.0560,8.0010,8.0330,79929,1647536819999,641727.0550,2706,32055,257489.6590,0
1647536820000,8.0320,8.0330,7.9500,7.9880,199505,1647536879999,1592460.1640,5321,86475,690069.6560,0
1647536880000,7.9870,8.0400,7.9630,7.9790,153334,1647536939999,1226596.7340,3828,64169,513602.6090,0
1647536940000,7.9740,8.0520,7.9730,8.0270,130197,1647536999999,1044377.5040,3370,65960,529175.4480,0
1647537000000,8.0270,8.0580,7.9640,8.0290,212595,1647537059999,1704333.9580,4766,111976,898031.1450,0
1647537060000,8.0290,8.0350,7.8600,7.8820,335783,1647537119999,2657736.9190,7584,122784,972789.9820,0
1647537120000,7.8860,7.9010,7.7340,7.7490,463771,1647537179999,3629423.7800,9510,150932,1182872.8160,0
1647537180000,7.7520,7.8200,7.7370,7.8140,256493,1647537239999,1994370.4840,5538,139516,1085636.9880,0
1647537240000,7.8140,7.8450,7.7080,7.7590,296873,1647537299999,2304705.6880,6924,135752,1054230.3380,0
1647537300000,7.7600,7.8320,7.7220,7.8280,206350,1647537359999,1605149.1850,5163,113616,884181.8720,0
1647537360000,7.8280,7.9400,7.8130,7.9240,297184,1647537419999,2343101.9440,6073,157225,1240167.3430,0
1647537420000,7.9220,8.0100,7.9140,7.9710,236460,1647537479999,1886322.4050,5527,134140,1070243.8930,0
1647537480000,7.9720,8.0230,7.8910,7.9060,201372,1647537539999,1604051.3760,4830,89369,712046.4780,0
1647537540000,7.9070,7.9700,7.9060,7.9470,99519,1647537599999,790310.8920,3167,48586,385872.4830,0
1647537600000,7.9500,7.9950,7.9460,7.9600,74122,1647537659999,590612.2250,2483,36175,288285.0910,0
1647537660000,7.9580,8.0330,7.9560,8.0140,136718,1647537719999,1094234.0970,3414,81795,654712.2410,0
1647537720000,8.0110,8.0280,7.9830,8.0120,145294,1647537779999,1163182.5200,3303,76090,609261.4770,0
1647537780000,8.0040,8.0540,7.9920,8.0070,143812,1647537839999,1153259.5200,3371,77998,625671.4630,0
1647537840000,8.0080,8.0310,8.0000,8.0140,72252,1647537899999,579101.8820,1763,40598,325532.9500,0
1647537900000,8.0130,8.0200,7.9540,7.9710,108208,1647537959999,864515.3670,2834,45062,360157.0650,0
1647537960000,7.9680,7.9720,7.8780,7.9130,197071,1647538019999,1560281.8590,5193,92083,729236.3390,0
1647538020000,7.9130,7.9790,7.8830,7.9740,126499,1647538079999,1001918.5640,3163,69648,552122.3930,0
1647538080000,7.9740,7.9970,7.9000,7.9210,112464,1647538139999,893803.0340,3154,44763,355722.3330,0
1647538140000,7.9210,7.9450,7.9100,7.9210,62898,1647538199999,498564.7290,2089,33312,264118.4340,0
1647538200000,7.9220,7.9500,7.9180,7.9330,80148,1647538259999,635923.0190,2464,35357,280580.3460,0
1647538260000,7.9360,8.0360,7.9330,7.9810,145288,1647538319999,1159370.6640,3669,75743,604502.5320,0
1647538320000,7.9810,8.0180,7.9320,7.9930,128627,1647538379999,1024694.9620,4147,68785,548172.8390,0
1647538380000,7.9910,7.9980,7.9400,7.9410,77616,1647538439999,617867.8320,3095,30395,241995.2990,0
1647538440000,7.9440,7.9820,7.9400,7.9600,59829,1647538499999,476075.4500,2254,25024,199259.5260,0
1647538500000,7.9580,7.9800,7.9500,7.9700,29359,1647538559999,233806.3630,1412,11301,90015.9840,0
1647538560000,7.9700,8.0340,7.9680,8.0040,135271,1647538619999,1082646.6620,2885,72311,578928.7690,0
1647538620000,8.0030,8.0160,7.9710,7.9980,43545,1647538679999,348098.7910,1309,22622,180919.8100,0
1647538680000,7.9980,8.0150,7.9850,7.9970,35319,1647538739999,282507.1240,1451,16241,129951.7220,0
1647538740000,7.9980,8.0090,7.9930,7.9990,28132,1647538799999,225051.1040,903,13227,105835.7060,0
1647538800000,7.9980,8.0330,7.9970,8.0180,59199,1647538859999,474489.9320,1491,31670,253839.9360,0
1647538860000,8.0180,8.0440,8.0150,8.0330,65671,1647538919999,527367.0360,1983,38595,310032.3970,0
1647538920000,8.0330,8.1400,8.0290,8.1160,209169,1647538979999,1691020.3360,5249,139218,1125751.7450,0
1647538980000,8.1160,8.2000,8.1020,8.1250,236154,1647539039999,1926314.1390,5323,113106,922866.6520,0
1647539040000,8.1280,8.1630,8.0850,8.1630,114445,1647539099999,929286.2310,3231,51381,417352.2600,0
1647539100000,8.1610,8.1700,8.1150,8.1340,74360,1647539159999,604950.2790,2561,35400,287994.7960,0
1647539160000,8.1260,8.1650,8.1200,8.1580,92988,1647539219999,757635.2540,2109,54079,440811.3950,0
1647539220000,8.1570,8.1970,8.1400,8.1570,81238,1647539279999,663464.8470,2249,44758,365707.7580,0
1647539280000,8.1570,8.1600,8.0280,8.0640,164196,1647539339999,1326476.3740,4025,72637,586675.1860,0
1647539340000,8.0670,8.0690,7.9830,8.0190,162803,1647539399999,1305093.2720,4778,73010,585364.1340,0
1647539400000,8.0190,8.0760,7.9860,7.9990,99826,1647539459999,801738.7780,2821,44370,356525.8260,0
1647539460000,7.9990,8.0470,7.9320,8.0180,140936,1647539519999,1124022.3430,4208,65710,524273.6450,0
1647539520000,8.0250,8.0470,7.9750,8.0040,63384,1647539579999,507809.7130,1895,31731,254219.5860,0
1647539580000,8.0030,8.0380,7.9730,8.0370,39664,1647539639999,317508.4850,1328,20892,167370.5250,0
1647539640000,8.0320,8.0740,7.9720,8.0100,74163,1647539699999,595551.1420,2377,35325,283830.4080,0
1647539700000,8.0110,8.0490,7.9960,8.0170,38953,1647539759999,312340.1750,1569,17284,138623.5360,0
1647539760000,8.0170,8.0410,8.0000,8.0070,29299,1647539819999,235027.5600,1056,15801,126810.1910,0
1647539820000,8.0080,8.0250,7.9450,8.0110,90525,1647539879999,722783.5250,2609,44101,352330.0980,0
1647539880000,8.0080,8.0100,7.9500,7.9650,75333,1647539939999,600313.2580,2445,33945,270543.2420,0
1647539940000,7.9660,7.9760,7.8770,7.8890,125009,1647539999999,990245.0760,3738,45387,359711.7710,0
1647540000000,7.8920,7.9280,7.7460,7.7560,272083,1647540059999,2127664.0900,6890,96921,758882.6400,0
1647540060000,7.7670,7.8370,7.7450,7.7620,228684,1647540119999,1780866.7790,7322,112160,873974.7810,0
1647540120000,7.7620,7.8390,7.7560,7.7930,119383,1647540179999,931970.7690,4284,57532,449209.3320,0
1647540180000,7.7930,7.8340,7.7520,7.8070,131338,1647540239999,1022772.5220,4095,74118,577451.4360,0
1647540240000,7.8080,7.8080,7.7590,7.7740,73919,1647540299999,574785.5770,2414,35344,274737.1550,0
1647540300000,7.7730,7.7790,7.6480,7.6730,184134,1647540359999,1417927.2170,5000,61320,472546.7590,0
1647540360000,7.6680,7.6950,7.5930,7.6060,246108,1647540419999,1877494.1180,6336,99227,757879.8420,0
1647540420000,7.6060,7.6680,7.5810,7.6390,167296,1647540479999,1276304.0760,4148,87399,667189.4270,0
1647540480000,7.6400,7.6870,7.6310,7.6850,120626,1647540539999,924129.5810,3250,71609,548748.6120,0
1647540540000,7.6830,7.6890,7.6500,7.6690,69265,1647540599999,531038.1330,2159,35523,272396.7460,0
1647540600000,7.6670,7.7200,7.6630,7.6750,102467,1647540659999,788176.1700,2397,63665,489817.8210,0
1647540660000,7.6750,7.7000,7.6740,7.6800,57112,1647540719999,439278.8770,1466,34948,268862.1500,0
1647540720000,7.6810,7.6830,7.5770,7.5940,142681,1647540779999,1086190.7580,3699,54181,412459.6800,0
1647540780000,7.5940,7.6720,7.5860,7.6300,67007,1647540839999,511375.5110,2194,39358,300291.4570,0
1647540840000,7.6290,7.6360,7.5980,7.6220,46419,1647540899999,353494.1730,1739,23966,182557.1970,0
1647540900000,7.6230,7.6320,7.5360,7.5810,161508,1647540959999,1223444.9540,3934,71705,543433.1380,0
1647540960000,7.5840,7.6830,7.5660,7.6700,146515,1647541019999,1118103.2810,4124,94511,721562.8520,0
1647541020000,7.6700,7.7080,7.6700,7.6980,116055,1647541079999,892769.1690,3005,62918,484102.0750,0
1647541080000,7.6970,7.7060,7.6400,7.7010,104119,1647541139999,799725.6330,2334,45432,349071.5770,0
1647541140000,7.7020,7.7230,7.6800,7.6970,91535,1647541199999,705027.0370,1960,57794,445308.0680,0
1647541200000,7.6960,7.6990,7.6610,7.6700,41397,1647541259999,317971.9900,1416,19991,153590.4860,0
1647541260000,7.6680,7.7200,7.6680,7.7080,47194,1647541319999,363432.1730,1502,29536,227462.6280,0
1647541320000,7.7090,7.7200,7.6700,7.7010,45302,1647541379999,348740.6700,1556,22074,169983.1260,0
1647541380000,7.7020,7.7110,7.6800,7.6830,25775,1647541439999,198303.5200,910,11164,85921.3800,0
1647541440000,7.6810,7.6960,7.6750,7.6760,26531,1647541499999,203847.9690,889,9984,76736.6570,0
1647541500000,7.6750,7.6750,7.5810,7.6660,125340,1647541559999,956520.6330,3106,54372,414942.3810,0
1647541560000,7.6660,7.6990,7.6590,7.6660,60687,1647541619999,465728.4060,1815,35097,269420.0590,0
1647541620000,7.6670,7.6800,7.6240,7.6460,43066,1647541679999,329571.5010,1170,17299,132508.8480,0
1647541680000,7.6460,7.6470,7.5560,7.5940,102683,1647541739999,780190.1810,2626,36585,278103.3940,0
1647541740000,7.5900,7.6150,7.5490,7.5790,97447,1647541799999,738196.0770,2745,52361,396785.4900,0
1647541800000,7.5790,7.5800,7.4960,7.4990,145108,1647541859999,1091564.0490,3275,48932,368333.9680,0
1647541860000,7.5020,7.5330,7.4620,7.5230,174829,1647541919999,1310414.8260,4080,91679,687781.7880,0
1647541920000,7.5220,7.5330,7.4970,7.4990,57250,1647541979999,430244.6770,1698,30961,232734.7830,0
1647541980000,7.4980,7.5090,7.4330,7.4810,134768,1647542039999,1005358.2280,3303,58039,433245.8860,0
1647542040000,7.4820,7.5150,7.4420,7.4970,77266,1647542099999,578072.2000,2125,39506,295796.4860,0
1647542100000,7.4960,7.5000,7.3990,7.4120,110414,1647542159999,821459.3380,2775,37695,280781.7700,0
1647542160000,7.4110,7.4740,7.3990,7.4380,92288,1647542219999,686945.1980,2548,50495,375939.1510,0
1647542220000,7.4380,7.4550,7.3900,7.4360,81975,1647542279999,609312.9380,2310,46314,344429.7710,0
1647542280000,7.4360,7.4420,7.4000,7.4110,65542,1647542339999,486380.1320,2166,30747,228227.3890,0
1647542340000,7.4080,7.4170,7.3500,7.3780,152449,1647542399999,1125744.8980,3902,64561,477149.6530,0
1647542400000,7.3780,7.4060,7.3700,7.3820,85926,1647542459999,634910.7770,2044,50792,375449.3360,0
1647542460000,7.3810,7.4550,7.3760,7.4350,105740,1647542519999,784483.7630,2343,71787,532501.5590,0
1647542520000,7.4350,7.4990,7.4310,7.4960,127546,1647542579999,951478.8040,2789,81168,605696.8730,0
1647542580000,7.4990,7.5230,7.4440,7.4680,116318,1647542639999,871057.6580,2692,64641,484468.8450,0
1647542640000,7.4670,7.4810,7.4170,7.4530,68267,1647542699999,508538.3440,1907,25571,190521.4770,0
1647542700000,7.4570,7.5240,7.4480,7.5170,83848,1647542759999,628452.8070,2122,49392,370371.5850,0
1647542760000,7.5190,7.5920,7.5060,7.5320,162035,1647542819999,1224347.8410,3435,83227,629353.6620,0
1647542820000,7.5320,7.5630,7.5120,7.5150,76181,1647542879999,574007.8260,1917,31558,237896.9090,0
1647542880000,7.5140,7.5600,7.4570,7.5270,101999,1647542939999,765393.9980,2728,45643,342755.5460,0
1647542940000,7.5300,7.5390,7.4990,7.5020,43021,1647542999999,323447.1980,1479,17332,130364.4440,0
1647543000000,7.5040,7.5170,7.4750,7.4780,31537,1647543059999,236517.3750,1205,11231,84280.0010,0
1647543060000,7.4780,7.4980,7.4440,7.4770,65136,1647543119999,486106.2460,1966,28922,215968.5570,0
1647543120000,7.4760,7.4760,7.4160,7.4500,60077,1647543179999,447243.9890,1867,27546,205149.0870,0
1647543180000,7.4490,7.4640,7.4000,7.4180,64947,1647543239999,482148.9860,1991,26917,199918.8460,0
1647543240000,7.4180,7.4300,7.3030,7.3160,208370,1647543299999,1533131.8430,4463,74510,548833.1540,0
1647543300000,7.3190,7.3800,7.3000,7.3660,124665,1647543359999,915831.7190,3002,72749,534779.2400,0
1647543360000,7.3650,7.3670,7.3300,7.3450,51698,1647543419999,380163.1990,1359,25446,187132.5930,0
1647543420000,7.3450,7.3500,7.2610,7.3000,162469,1647543479999,1185706.6960,3575,63214,461647.6220,0
1647543480000,7.3030,7.3120,7.2450,7.2690,129903,1647543539999,945167.6310,3133,53158,387019.4560,0
1647543540000,7.2640,7.3730,7.2330,7.3450,181014,1647543599999,1320691.8520,3305,115926,846512.6680,0
1647543600000,7.3450,7.3900,7.3020,7.3130,152607,1647543659999,1121618.5650,3391,69602,511918.0870,0
1647543660000,7.3140,7.3350,7.2550,7.3250,103078,1647543719999,751586.3840,2653,54824,399943.0960,0
1647543720000,7.3230,7.3270,7.2500,7.2980,95517,1647543779999,696063.4540,2302,46453,338522.8710,0
1647543780000,7.2930,7.3300,7.2800,7.3290,58093,1647543839999,424022.6760,1240,40803,297938.1910,0
1647543840000,7.3280,7.3730,7.2910,7.3510,100708,1647543899999,738970.3570,2313,58238,427613.4610,0
1647543900000,7.3510,7.3850,7.2910,7.3650,116756,1647543959999,857257.8740,2553,57835,424889.4700,0
1647543960000,7.3650,7.3700,7.3150,7.3420,51259,1647544019999,376391.9480,1572,24217,177879.2620,0
1647544020000,7.3430,7.4360,7.3370,7.4340,102531,1647544079999,757637.0400,2273,65451,483894.7000,0
1647544080000,7.4330,7.4700,7.4090,7.4390,132526,1647544139999,985434.9280,2765,67069,498973.0750,0
1647544140000,7.4350,7.4940,7.4330,7.4740,109227,1647544199999,815739.1580,2550,59273,442772.4260,0
1647544200000,7.4720,7.5000,7.4300,7.4420,112203,1647544259999,837491.2580,2949,52877,394928.2950,0
1647544260000,7.4460,7.4570,7.3730,7.4120,122921,1647544319999,910559.3090,2930,43064,319081.2040,0
1647544320000,7.4100,7.4480,7.4080,7.4370,49455,1647544379999,367390.4400,1429,25527,189677.6930,0
1647544380000,7.4350,7.4430,7.4000,7.4330,68059,1647544439999,505480.8450,1367,36013,267581.8270,0
1647544440000,7.4350,7.4750,7.4350,7.4590,69869,1647544499999,520865.1470,1811,36955,275541.3540,0
1647544500000,7.4600,7.5390,7.4540,7.5090,143778,1647544559999,1079289.3020,3196,73524,552029.6590,0
1647544560000,7.5170,7.5240,7.4520,7.4940,104466,1647544619999,782851.1290,2262,37903,284109.2180,0
1647544620000,7.4930,7.5260,7.4790,7.4860,79395,1647544679999,595353.5860,1843,41341,310081.3660,0
1647544680000,7.4880,7.5150,7.4760,7.5110,73848,1647544739999,553266.1610,1380,51113,382957.9900,0
1647544740000,7.5050,7.5440,7.5020,7.5350,60042,1647544799999,451848.9440,1475,36186,272400.4190,0
1647544800000,7.5360,7.6000,7.5280,7.5530,146064,1647544859999,1104678.4210,3431,81520,616761.9750,0
1647544860000,7.5440,7.5760,7.5250,7.5340,85999,1647544919999,649687.4880,2269,37560,283841.4670,0
1647544920000,7.5350,7.5640,7.5250,7.5640,56309,1647544979999,424855.9590,1681,30762,232163.7930,0
1647544980000,7.5630,7.5990,7.5560,7.5870,94711,1647545039999,717667.2480,2653,45176,342421.7120,0
1647545040000,7.5860,7.6500,7.5800,7.6420,147340,1647545099999,1123257.4660,2874,94626,721491.5240,0
1647545100000,7.6390,7.6430,7.5890,7.5920,109568,1647545159999,834038.2450,2791,47271,359930.4760,0
1647545160000,7.5880,7.6430,7.5810,7.6350,84728,1647545219999,644366.3580,1800,45123,343294.4240,0
1647545220000,7.6350,7.7450,7.6190,7.7310,197716,1647545279999,1521228.7030,4263,123093,947424.5600,0
1647545280000,7.7260,7.7410,7.6700,7.6910,136651,1647545339999,1053505.0960,3006,58603,451967.8150,0
1647545340000,7.6910,7.7300,7.6850,7.6900,77045,1647545399999,594373.3610,2131,35298,272414.2180,0
1647545400000,7.6900,7.7300,7.6850,7.7280,72893,1647545459999,562243.9000,1680,34882,269143.4790,0
1647545460000,7.7290,7.8200,7.7280,7.7970,223509,1647545519999,1740676.2230,3873,136319,1061590.5070,0
1647545520000,7.7990,7.8320,7.7900,7.8200,128233,1647545579999,1001331.1580,2689,68988,538973.5870,0
1647545580000,7.8190,7.8310,7.7510,7.7790,103382,1647545639999,804853.7600,2698,39912,310738.6630,0
1647545640000,7.7760,7.7870,7.6130,7.6320,236478,1647545699999,1814467.7020,4902,81347,624176.2780,0
1647545700000,7.6360,7.6800,7.5630,7.5830,259031,1647545759999,1971236.9930,4682,106334,810493.2580,0
1647545760000,7.5820,7.6070,7.5760,7.5980,77760,1647545819999,590461.2450,1615,40038,304063.5940,0
1647545820000,7.5950,7.6750,7.5920,7.6700,114399,1647545879999,873501.9640,2326,75864,579063.7800,0
1647545880000,7.6700,7.6830,7.6000,7.6010,87719,1647545939999,669629.9840,2276,35446,270704.4530,0
1647545940000,7.6010,7.6070,7.5620,7.5680,61673,1647545999999,467877.0950,1557,22655,171983.6220,0
1647546000000,7.5690,7.6400,7.5610,7.6330,95419,1647546059999,724435.7410,1993,52506,398804.5320,0
1647546060000,7.6340,7.6340,7.5720,7.6110,44949,1647546119999,341603.5430,1352,17496,132926.5950,0
1647546120000,7.6110,7.6160,7.5630,7.5820,38059,1647546179999,288670.9430,1328,14791,112205.5140,0
1647546180000,7.5830,7.6190,7.5820,7.6010,33247,1647546239999,252610.5560,1005,17324,131647.5250,0
1647546240000,7.6010,7.6100,7.5870,7.6090,25792,1647546299999,196034.6860,903,14781,112371.9480,0
1647546300000,7.6090,7.6900,7.6080,7.6730,92757,1647546359999,710794.7970,2083,58526,448410.0760,0
1647546360000,7.6750,7.6970,7.6640,7.6940,39450,1647546419999,303142.0150,1286,23186,178209.2110,0
1647546420000,7.6930,7.6980,7.6670,7.6980,32192,1647546479999,247275.3110,1139,12978,99707.8680,0
1647546480000,7.6980,7.7560,7.6950,7.7440,73873,1647546539999,571423.6890,1950,39828,308127.1120,0
1647546540000,7.7460,7.7540,7.6650,7.7110,83523,1647546599999,644019.6420,1981,35231,271569.8370,0
1647546600000,7.7120,7.7230,7.6660,7.6950,41219,1647546659999,316865.5130,1415,16445,126457.9070,0
1647546660000,7.6960,7.7400,7.6960,7.7220,43263,1647546719999,333872.7570,1479,19738,152371.5300,0
1647546720000,7.7200,7.7570,7.7000,7.7400,51423,1647546779999,397518.6910,1360,25204,194953.1310,0
1647546780000,7.7350,7.7750,7.7110,7.7710,60190,1647546839999,466351.7920,1583,34428,266958.1930,0
1647546840000,7.7710,7.7920,7.7270,7.7580,89190,1647546899999,692422.4330,2190,43234,335739.8810,0
1647546900000,7.7620,7.8100,7.7610,7.7990,59931,1647546959999,466467.2720,1654,35826,278907.5770,0
1647546960000,7.8060,7.8570,7.7730,7.7960,158821,1647547019999,1241659.1980,3341,84780,663088.1410,0
1647547020000,7.7970,7.8300,7.7600,7.8100,86212,1647547079999,671860.9330,2360,44245,344893.2170,0
1647547080000,7.8090,7.8210,7.7880,7.8090,43945,1647547139999,343091.3730,1408,23182,181034.6490,0
1647547140000,7.8060,7.8080,7.7020,7.7560,109749,1647547199999,849907.8950,2805,48421,375042.9190,0
1647547200000,7.7540,7.7640,7.7240,7.7350,68964,1647547259999,533729.9760,1479,37940,293752.8540,0
1647547260000,7.7330,7.7440,7.6670,7.6810,97316,1647547319999,749470.4470,2031,35960,277165.3150,0
1647547320000,7.6800,7.7370,7.6730,7.7360,80230,1647547379999,618351.2400,1822,39731,306253.5690,0
1647547380000,7.7360,7.8420,7.7340,7.8310,111055,1647547439999,865487.0630,2489,68629,534769.8090,0
1647547440000,7.8340,7.8840,7.8060,7.8070,117033,1647547499999,919258.4390,2652,60188,472995.9190,0
1647547500000,7.8100,7.8630,7.8000,7.8440,87196,1647547559999,682561.8070,2051,42997,336742.1750,0
1647547560000,7.8440,7.8460,7.8070,7.8430,36405,1647547619999,285067.1650,1125,17027,133369.3990,0
1647547620000,7.8390,7.8500,7.7680,7.7990,83317,1647547679999,650633.3980,1852,33303,260176.2990,0
1647547680000,7.7980,7.8040,7.7500,7.7550,62417,1647547739999,485609.3240,1574,33093,257584.9570,0
1647547740000,7.7540,7.7980,7.7540,7.7770,32501,1647547799999,252881.6490,1075,17634,137211.0830,0
1647547800000,7.7790,7.8000,7.7730,7.7930,25857,1647547859999,201297.0850,857,12944,100809.7040,0
1647547860000,7.7930,7.8320,7.7850,7.8050,45119,1647547919999,352468.6190,1389,23390,182764.8070,0
1647547920000,7.8050,7.8310,7.8000,7.8220,32250,1647547979999,252115.5070,802,16017,125220.4040,0
1647547980000,7.8250,7.8390,7.8200,7.8250,44234,1647548039999,346066.8080,876,15928,124661.2510,0
1647548040000,7.8280,7.8360,7.7700,7.8180,56880,1647548099999,443725.4400,1362,23732,185129.3390,0
1647548100000,7.8190,7.8200,7.7880,7.8040,30659,1647548159999,239378.3190,924,13227,103298.5710,0
1647548160000,7.8040,7.8160,7.7730,7.7850,33995,1647548219999,265020.9660,868,12163,94836.5960,0
1647548220000,7.7850,7.7990,7.7580,7.7800,48894,1647548279999,380322.8430,1239,17871,139088.1360,0
1647548280000,7.7800,7.7880,7.7740,7.7760,15358,1647548339999,119510.2830,433,6533,50842.1120,0
1647548340000,7.7770,7.7880,7.7450,7.7860,74724,1647548399999,580415.3960,1401,24525,190593.8260,0
1647548400000,7.7860,7.7880,7.7650,7.7800,21104,1647548459999,164168.3490,655,9000,70034.7360,0
1647548460000,7.7810,7.8200,7.7750,7.8060,41783,1647548519999,325917.3970,1023,23567,183840.1940,0
1647548520000,7.8070,7.8610,7.8060,7.8550,101709,1647548579999,797620.6510,2014,60577,475052.3100,0
1647548580000,7.8570,7.9440,7.8480,7.8950,129558,1647548639999,1023234.3230,3078,82506,651795.8570,0
1647548640000,7.8950,7.9800,7.8900,7.9670,113776,1647548699999,904437.1130,2790,61071,485650.1870,0
1647548700000,7.9670,7.9710,7.9260,7.9680,104274,1647548759999,829023.2850,2617,48534,386051.1280,0
1647548760000,7.9640,7.9650,7.8910,7.9290,76044,1647548819999,602401.2890,2039,30018,237702.1390,0
1647548820000,7.9290,7.9580,7.9190,7.9320,61700,1647548879999,490058.6410,1680,33170,263497.8010,0
1647548880000,7.9300,7.9600,7.9000,7.9570,53299,1647548939999,422224.0070,1474,26177,207497.8350,0
1647548940000,7.9590,8.1330,7.9590,8.0480,323918,1647548999999,2609724.4650,6292,185671,1495347.0390,0
1647549000000,8.0470,8.1800,8.0220,8.1070,194525,1647549059999,1578768.2780,4545,108279,879251.2310,0
1647549060000,8.1110,8.1240,8.0240,8.0980,127039,1647549119999,1025424.9650,2980,59160,477685.1270,0
1647549120000,8.0980,8.1300,8.0710,8.0840,105311,1647549179999,853371.7520,2581,50477,409182.4910,0
1647549180000,8.0830,8.1390,8.0620,8.0810,98005,1647549239999,794173.9510,2725,52729,427367.3430,0
1647549240000,8.0750,8.1030,8.0750,8.0900,54977,1647549299999,444957.0710,1341,29172,236156.2490,0
1647549300000,8.0920,8.1070,7.9910,8.0250,130756,1647549359999,1052027.9470,2744,43793,352480.6730,0
1647549360000,8.0250,8.0270,7.8920,7.9260,219544,1647549419999,1744878.7910,4884,94652,752153.1910,0
1647549420000,7.9260,8.0080,7.9040,7.9680,160139,1647549479999,1273590.9690,3298,88744,706035.0470,0
1647549480000,7.9700,7.9970,7.9660,7.9770,50159,1647549539999,400342.1500,1251,24157,192837.6580,0
1647549540000,7.9790,7.9840,7.9250,7.9710,65716,1647549599999,523284.3970,1343,33185,264518.0130,0
1647549600000,7.9710,7.9770,7.9080,7.9430,83560,1647549659999,663246.6840,1863,34812,276222.3180,0
1647549660000,7.9420,8.0000,7.9410,7.9990,49369,1647549719999,393337.3990,1401,30468,242848.4870,0
1647549720000,7.9950,8.0990,7.9870,8.0540,145027,1647549779999,1168562.3800,3177,83694,674344.1360,0
1647549780000,8.0510,8.0740,7.9930,8.0280,89861,1647549839999,722998.9840,2440,43871,353058.1340,0
1647549840000,8.0190,8.0750,8.0170,8.0400,64530,1647549899999,519162.1880,1744,30892,248615.7680,0
1647549900000,8.0390,8.0550,8.0110,8.0360,55668,1647549959999,447035.6600,1385,24962,200525.8410,0
1647549960000,8.0330,8.0390,7.9840,7.9890,58075,1647550019999,465418.1030,1278,16820,134848.1700,0
1647550020000,7.9870,8.0050,7.9600,7.9920,59734,1647550079999,476863.7000,1510,32677,260931.2060,0
1647550080000,7.9910,8.0400,7.9730,8.0340,43776,1647550139999,350171.4380,1110,24120,193172.7050,0
1647550140000,8.0340,8.0980,8.0290,8.0730,78291,1647550199999,631117.0070,1577,51632,416255.3790,0
1647550200000,8.0770,8.1380,8.0550,8.1230,113645,1647550259999,919979.3130,2670,59759,483923.9160,0
1647550260000,8.1220,8.1340,8.0610,8.0760,74895,1647550319999,606767.5250,2203,32873,266382.2240,0
1647550320000,8.0770,8.1220,8.0740,8.0820,52641,1647550379999,426463.0260,1585,27876,225920.0810,0
1647550380000,8.0880,8.1220,8.0860,8.1180,31301,1647550439999,253636.1430,926,18634,151006.6970,0
1647550440000,8.1200,8.1490,8.1100,8.1280,74960,1647550499999,609437.1780,2202,40779,331641.0470,0
1647550500000,8.1270,8.1900,8.1260,8.1430,155536,1647550559999,1269782.2920,3609,78368,640015.1400,0
1647550560000,8.1430,8.1770,8.0640,8.0930,115973,1647550619999,941015.6570,2909,52068,422848.6580,0
1647550620000,8.0920,8.0970,8.0080,8.0500,132459,1647550679999,1066250.3230,3530,61239,493130.2340,0
1647550680000,8.0500,8.0900,8.0330,8.0600,56626,1647550739999,456790.4020,1481,32063,258758.8370,0
1647550740000,8.0600,8.0750,8.0420,8.0710,41749,1647550799999,336258.3330,948,20476,164957.0310,0
1647550800000,8.0690,8.0950,8.0500,8.0590,62032,1647550859999,500803.3300,1666,30337,245015.2310,0
1647550860000,8.0570,8.0870,8.0440,8.0480,59086,1647550919999,476384.9330,1303,26679,215198.9120,0
1647550920000,8.0520,8.0950,8.0200,8.0830,82379,1647550979999,663166.3780,1824,38165,307500.9100,0
1647550980000,8.0860,8.1600,8.0850,8.1240,107036,1647551039999,868840.2940,2291,59510,483244.6050,0
1647551040000,8.1240,8.1440,8.1050,8.1400,46573,1647551099999,378490.4450,1264,22507,182954.2300,0
1647551100000,8.1410,8.1410,8.0880,8.0910,53664,1647551159999,435238.2860,1426,16636,134986.7840,0
1647551160000,8.0910,8.1810,8.0910,8.1550,79781,1647551219999,650107.3120,1951,47027,383257.2890,0
1647551220000,8.1560,8.1900,8.1360,8.1870,75890,1647551279999,619652.5920,2020,42418,346438.3570,0
1647551280000,8.1870,8.2080,8.1440,8.2050,114620,1647551339999,937371.8100,2477,67873,555380.1830,0
1647551340000,8.2060,8.2490,8.1830,8.1940,180974,1647551399999,1485716.6490,4019,91765,753932.3540,0
1647551400000,8.1930,8.3000,8.1500,8.2760,186335,1647551459999,1534671.8010,4107,117861,971496.2410,0
1647551460000,8.2760,8.2890,8.2210,8.2700,128190,1647551519999,1058596.9070,2883,59329,490077.2340,0
1647551520000,8.2710,8.3370,8.2710,8.2950,156827,1647551579999,1302820.4760,3334,90406,751340.0600,0
1647551580000,8.2950,8.3110,8.2230,8.3000,144874,1647551639999,1197055.4370,3207,65584,541972.2480,0
1647551640000,8.3000,8.3260,8.2460,8.3130,101256,1647551699999,839015.9040,2442,49091,407077.2840,0
1647551700000,8.3140,8.3850,8.3090,8.3620,205058,1647551759999,1710918.3010,4373,114295,953977.0710,0
1647551760000,8.3620,8.3650,8.3200,8.3410,90705,1647551819999,756657.2830,2413,41762,348469.4170,0
1647551820000,8.3430,8.3430,8.2950,8.3190,74946,1647551879999,622983.4150,1825,30437,253061.9630,0
1647551880000,8.3200,8.3220,8.2500,8.2560,85564,1647551939999,708730.9330,2158,28551,236559.6490,0
1647551940000,8.2530,8.3280,8.2430,8.3170,94429,1647551999999,782377.0590,2214,51144,423847.9540,0
1647552000000,8.3170,8.3990,8.2920,8.3940,103149,1647552059999,860272.8460,2228,60848,507895.2560,0
1647552060000,8.3900,8.4380,8.3750,8.4100,202491,1647552119999,1701023.4750,4170,109759,922548.2910,0
1647552120000,8.4110,8.4630,8.4110,8.4500,132421,1647552179999,1117141.5650,2921,75471,636845.5330,0
1647552180000,8.4510,8.5720,8.4360,8.5580,271438,1647552239999,2308266.0740,5343,167779,1427473.0370,0
1647552240000,8.5580,8.5630,8.4670,8.5040,203244,1647552299999,1730299.6140,4672,82996,706644.1310,0
1647552300000,8.5030,8.5310,8.4630,8.5300,127285,1647552359999,1081217.9870,2898,65768,559055.3690,0
1647552360000,8.5290,8.7160,8.5270,8.6440,422460,1647552419999,3646434.5640,8204,239753,2069082.0740,0
1647552420000,8.6410,8.6780,8.5870,8.6760,231043,1647552479999,1995272.5460,4154,132343,1143353.9980,0
1647552480000,8.6750,8.7980,8.6740,8.7890,371490,1647552539999,3243279.9440,6727,213134,1861160.5810,0
1647552540000,8.7890,8.8630,8.7300,8.8020,399220,1647552599999,3515491.1420,7348,201453,1774994.4620,0
1647552600000,8.8030,8.8300,8.7000,8.8180,297942,1647552659999,2609589.2820,6123,137662,1206082.6830,0
1647552660000,8.8170,8.8690,8.7700,8.8590,255822,1647552719999,2256628.7840,5429,121260,1070158.9050,0
1647552720000,8.8570,8.8640,8.6700,8.6760,304155,1647552779999,2672857.7740,6616,125368,1102405.6190,0
1647552780000,8.6750,8.7420,8.5860,8.5900,314230,1647552839999,2723486.1750,6405,123067,1068130.6350,0
1647552840000,8.5910,8.6860,8.5700,8.6680,381202,1647552899999,3282075.5210,6073,197677,1703520.3480,0
1647552900000,8.6690,8.7840,8.6600,8.7710,265436,1647552959999,2314003.0380,4609,141964,1237746.4220,0
1647552960000,8.7700,8.7920,8.6580,8.7080,189851,1647553019999,1656212.6920,3849,82358,718532.8570,0
1647553020000,8.7100,8.7210,8.6270,8.6680,178725,1647553079999,1548836.2680,4134,82927,718628.2810,0
1647553080000,8.6700,8.6700,8.5650,8.5660,225889,1647553139999,1940321.5420,4171,77886,669177.1850,0
1647553140000,8.5660,8.5660,8.4580,8.5160,373472,1647553199999,3179211.4250,6330,135482,1152338.8650,0
1647553200000,8.5170,8.5450,8.4260,8.4640,222245,1647553259999,1883467.4670,5130,96983,822444.3680,0
1647553260000,8.4650,8.5560,8.4610,8.5560,180022,1647553319999,1533428.7500,3746,105202,896147.4380,0
1647553320000,8.5540,8.6380,8.5530,8.5690,199352,1647553379999,1714484.5560,3663,108597,934267.6520,0
1647553380000,8.5690,8.5690,8.5010,8.5090,108196,1647553439999,922857.9960,2678,45127,385044.8960,0
1647553440000,8.5090,8.6670,8.5020,8.6530,165862,1647553499999,1427146.6050,3623,90352,777479.3730,0
1647553500000,8.6520,8.7580,8.6170,8.7550,211895,1647553559999,1841637.3850,4259,120186,1044946.0040,0
1647553560000,8.7540,8.7680,8.6580,8.7480,203646,1647553619999,1775358.3130,4290,98749,861292.1510,0
1647553620000,8.7440,8.7500,8.6660,8.7080,125323,1647553679999,1091922.8810,3126,60082,523533.2380,0
1647553680000,8.7120,8.7420,8.6700,8.7130,85103,1647553739999,741552.0610,2118,44406,387109.0070,0
1647553740000,8.7130,8.7350,8.6730,8.6760,98101,1647553799999,853512.4600,2006,49006,426530.7110,0
1647553800000,8.6740,8.6760,8.5780,8.5850,145157,1647553859999,1251813.2670,3379,53797,464122.5490,0
1647553860000,8.5810,8.6520,8.5430,8.6170,155070,1647553919999,1333614.1130,3615,79451,683744.3440,0
1647553920000,8.6120,8.7130,8.6110,8.6800,85824,1647553979999,744210.1600,2216,51066,442973.4890,0
1647553980000,8.6770,8.7230,8.6500,8.6900,84741,1647554039999,735402.2570,2259,39009,338704.6180,0
1647554040000,8.6960,8.6990,8.6440,8.6880,61022,1647554099999,529257.6030,1622,26878,233201.0130,0
1647554100000,8.6870,8.7860,8.6750,8.7850,111961,1647554159999,976568.4200,2570,66788,582672.4280,0
1647554160000,8.7830,8.8330,8.7140,8.7500,206609,1647554219999,1814455.0800,4791,100476,882863.6030,0
1647554220000,8.7500,8.7850,8.7200,8.7530,95350,1647554279999,834532.2400,2538,45902,401866.0500,0
1647554280000,8.7470,8.7770,8.6500,8.6900,127832,1647554339999,1113114.3250,3064,46664,406475.1510,0
1647554340000,8.6950,8.7500,8.6880,8.7420,80766,1647554399999,704211.5430,2242,38837,338676.1460,0
1647554400000,8.7380,8.7400,8.6710,8.7090,93945,1647554459999,818016.9480,2312,41400,360611.5670,0
1647554460000,8.7050,8.7230,8.6780,8.6800,65104,1647554519999,566187.9500,1823,27352,237971.7730,0
1647554520000,8.6810,8.6810,8.6150,8.6440,128461,1647554579999,1110562.7760,2772,50127,433409.3200,0
1647554580000,8.6440,8.6880,8.6210,8.6370,53854,1647554639999,465995.1610,1823,26409,228591.0500,0
1647554640000,8.6400,8.6580,8.5710,8.5770,123256,1647554699999,1059732.7800,2614,41317,355485.8110,0
1647554700000,8.5780,8.6600,8.5650,8.6390,108519,1647554759999,933838.0940,2786,54309,467565.2170,0
1647554760000,8.6390,8.6770,8.6190,8.6480,76450,1647554819999,661147.4520,1807,38923,336781.4160,0
1647554820000,8.6470,8.6970,8.6190,8.6830,65372,1647554879999,566353.1370,1610,37296,323241.1540,0
1647554880000,8.6840,8.7500,8.6640,8.6760,113360,1647554939999,986904.3790,2510,62663,545868.7840,0
1647554940000,8.6740,8.6890,8.6010,8.6760,85285,1647554999999,737253.2400,2342,39660,342972.9080,0
1647555000000,8.6760,8.6880,8.6530,8.6620,35177,1647555059999,305048.9550,1036,16808,145800.6650,0
1647555060000,8.6640,8.6650,8.5800,8.6010,102670,1647555119999,884499.4440,2399,37882,326567.0330,0
1647555120000,8.5990,8.6330,8.5840,8.5970,43148,1647555179999,371426.2170,1409,22838,196662.4260,0
1647555180000,8.5970,8.6270,8.5600,8.5870,94984,1647555239999,815818.8910,2628,42624,366252.6110,0
1647555240000,8.5870,8.5870,8.4550,8.5090,208759,1647555299999,1774154.5870,5100,75393,640421.2370,0
1647555300000,8.5090,8.5880,8.4720,8.4790,143305,1647555359999,1222601.7170,3219,59925,511821.5150,0
1647555360000,8.4790,8.4790,8.3580,8.4310,261908,1647555419999,2202221.5850,5206,117536,988370.2480,0
1647555420000,8.4310,8.4910,8.4210,8.4840,119008,1647555479999,1007313.8240,2727,71749,607414.3990,0
1647555480000,8.4830,8.4890,8.4350,8.4520,77866,1647555539999,658424.6810,2024,35803,302744.7330,0
1647555540000,8.4530,8.4530,8.3540,8.3650,133986,1647555599999,1124890.8010,3142,53442,448827.6060,0
1647555600000,8.3630,8.3670,8.2740,8.2810,228461,1647555659999,1901311.0170,4699,92811,772945.4960,0
1647555660000,8.2820,8.3470,8.2670,8.3240,172588,1647555719999,1433098.9670,3621,91202,757836.6680,0
1647555720000,8.3320,8.3560,8.2260,8.2300,185120,1647555779999,1532670.2150,3928,77497,642450.5130,0
1647555780000,8.2360,8.2950,8.2260,8.2650,119755,1647555839999,988990.9200,2783,61780,510386.8110,0
1647555840000,8.2660,8.3400,8.2350,8.3020,102502,1647555899999,850607.4070,2296,62195,516326.9180,0
1647555900000,8.3010,8.4030,8.2980,8.3850,120953,1647555959999,1011555.7510,2349,78738,658118.0710,0
1647555960000,8.3910,8.4600,8.3710,8.4470,113378,1647556019999,953721.1140,2479,61079,514230.8430,0
1647556020000,8.4470,8.4880,8.4070,8.4760,134712,1647556079999,1138166.7380,3133,66498,562185.4610,0
1647556080000,8.4740,8.5760,8.4680,8.5230,206376,1647556139999,1760337.0270,4180,108221,923173.8340,0
1647556140000,8.5230,8.5360,8.4430,8.5310,151401,1647556199999,1284923.3180,3316,71155,604106.3220,0
1647556200000,8.5310,8.5440,8.4740,8.4920,104442,1647556259999,889304.1360,2383,53249,453590.7850,0
1647556260000,8.4950,8.5030,8.4500,8.4740,65109,1647556319999,551758.7210,2015,30277,256659.6830,0
1647556320000,8.4730,8.5080,8.4590,8.4820,65471,1647556379999,555751.5440,1749,38627,328001.1880,0
1647556380000,8.4800,8.5350,8.4790,8.4920,68309,1647556439999,581269.2040,1906,36053,306785.4800,0
1647556440000,8.4910,8.5380,8.4880,8.5190,47762,1647556499999,406552.1550,1123,29968,255037.6300,0
1647556500000,8.5190,8.5390,8.4810,8.4870,55493,1647556559999,472268.9330,1392,22071,187932.2680,0
1647556560000,8.4880,8.4880,8.3420,8.4260,139006,1647556619999,1168650.9350,3250,54835,460819.6370,0
1647556620000,8.4270,8.4290,8.3410,8.3890,88506,1647556679999,741818.9840,2109,36677,307428.2250,0
1647556680000,8.3890,8.4590,8.3850,8.4580,48873,1647556739999,412006.5520,1334,32595,274816.5100,0
1647556740000,8.4590,8.4690,8.4000,8.4460,43911,1647556799999,369877.1080,1610,18323,154346.1760,0
1647556800000,8.4380,8.4430,8.4060,8.4220,24665,1647556859999,207622.7860,897,11184,94141.6770,0
1647556860000,8.4220,8.4410,8.3850,8.4030,44510,1647556919999,374125.2260,1391,18313,153998.7860,0
1647556920000,8.4010,8.4020,8.3610,8.3640,30294,1647556979999,253846.0520,995,12627,105826.4350,0
1647556980000,8.3640,8.3640,8.3000,8.3330,85272,1647557039999,710190.4300,2549,36893,307266.4950,0
1647557040000,8.3290,8.3360,8.3000,8.3220,52683,1647557099999,438177.0070,1626,27431,228231.1160,0
1647557100000,8.3220,8.3660,8.3120,8.3210,48643,1647557159999,405724.1580,1517,28374,236733.3280,0
1647557160000,8.3210,8.3460,8.3000,8.3060,53108,1647557219999,441830.3800,1473,19764,164567.0110,0
1647557220000,8.3070,8.3130,8.2500,8.2950,84262,1647557279999,697922.0350,2408,32583,269991.1520,0
1647557280000,8.2900,8.4300,8.2720,8.3780,106117,1647557339999,886945.7930,2475,67464,563671.7710,0
1647557340000,8.3730,8.3950,8.3450,8.3780,70993,1647557399999,594845.0830,1737,35856,300495.4650,0
1647557400000,8.3780,8.3800,8.3110,8.3500,54768,1647557459999,456921.1910,1618,22237,185561.1930,0
1647557460000,8.3490,8.3530,8.3000,8.3240,29379,1647557519999,244469.3750,945,9636,80237.8710,0
1647557520000,8.3230,8.3460,8.3000,8.3070,43454,1647557579999,361563.7850,1272,19827,165070.5080,0
1647557580000,8.3100,8.3240,8.2940,8.3100,35303,1647557639999,293225.4620,987,11806,98119.1850,0
1647557640000,8.3070,8.3500,8.3050,8.3360,38813,1647557699999,323225.0510,1026,27485,228858.5860,0
1647557700000,8.3390,8.3450,8.2960,8.3010,43917,1647557759999,365313.8670,1084,15957,132813.9810,0
1647557760000,8.3000,8.3370,8.2890,8.3100,30763,1647557819999,255728.6880,899,16586,137932.1260,0
1647557820000,8.3110,8.3210,8.2730,8.2920,48004,1647557879999,398177.1730,1225,17769,147432.1980,0
1647557880000,8.2930,8.2940,8.1980,8.2180,89427,1647557939999,736608.7520,2155,30643,252314.5380,0
1647557940000,8.2170,8.2740,8.2150,8.2680,87389,1647557999999,719516.2830,2034,49778,410105.1570,0
1647558000000,8.2690,8.2940,8.2070,8.2170,85195,1647558059999,702744.7620,2368,37667,310838.7280,0
1647558060000,8.2140,8.2280,8.1150,8.1390,146977,1647558119999,1199091.7810,3076,51965,423874.7530,0
1647558120000,8.1410,8.1520,8.0880,8.1000,156142,1647558179999,1266669.3560,3442,69651,565342.5940,0
1647558180000,8.1000,8.1440,8.0860,8.1330,88758,1647558239999,719926.0640,1880,51770,420042.9590,0
1647558240000,8.1330,8.2270,8.1290,8.2160,120715,1647558299999,988647.8520,2733,73033,598125.0070,0
1647558300000,8.2180,8.2220,8.1680,8.1800,58963,1647558359999,482823.9890,1525,23538,192687.8990,0
1647558360000,8.1790,8.1970,8.1320,8.1670,90065,1647558419999,735423.8690,2240,40602,331757.3820,0
1647558420000,8.1690,8.1850,8.1610,8.1730,30000,1647558479999,245214.3030,909,17737,145014.0300,0
1647558480000,8.1730,8.2000,8.1710,8.1990,35799,1647558539999,293067.4250,793,23909,195774.5650,0
1647558540000,8.1990,8.2360,8.1800,8.2340,66408,1647558599999,545103.4620,1408,37561,308363.5160,0
1647558600000,8.2340,8.3090,8.2320,8.2430,116305,1647558659999,961765.0430,2789,68161,563780.6580,0
1647558660000,8.2440,8.3230,8.2440,8.3200,92147,1647558719999,764280.2350,2202,48854,405249.6850,0
1647558720000,8.3130,8.3190,8.2510,8.2910,70072,1647558779999,581117.6280,1739,37378,310061.7990,0
1647558780000,8.2890,8.2970,8.2550,8.2820,54929,1647558839999,454605.0020,1714,24163,199983.8040,0
1647558840000,8.2820,8.3050,8.2790,8.3050,25373,1647558899999,210357.7160,901,15370,127467.7630,0
1647558900000,8.3050,8.3830,8.2920,8.3690,103402,1647558959999,862114.5650,2761,64766,540127.0560,0
1647558960000,8.3700,8.3780,8.3070,8.3590,91285,1647559019999,762835.1070,2294,42226,352971.1190,0
1647559020000,8.3560,8.4000,8.3430,8.3950,77684,1647559079999,650126.2150,2135,41355,346246.5280,0
1647559080000,8.3980,8.4440,8.3900,8.4360,134240,1647559139999,1130349.7570,3276,61672,519506.2910,0
1647559140000,8.4310,8.4370,8.4030,8.4150,52451,1647559199999,441656.2320,1676,25727,216667.4810,0
1647559200000,8.4150,8.4150,8.3670,8.4020,77552,1647559259999,650635.6270,1942,31209,261908.1650,0
1647559260000,8.3990,8.4320,8.3860,8.3940,48967,1647559319999,411871.6920,1343,23886,200994.1700,0
1647559320000,8.3960,8.4140,8.3890,8.4030,30544,1647559379999,256560.5800,1117,16326,137160.3340,0
1647559380000,8.4030,8.4070,8.3890,8.3970,25527,1647559439999,214385.4480,1161,14850,124732.7310,0
1647559440000,8.3970,8.3980,8.2980,8.3420,109233,1647559499999,911983.2900,3072,43789,365759.2240,0
1647559500000,8.3380,8.3880,8.3360,8.3800,39463,1647559559999,330127.0700,1214,28562,238971.5730,0
1647559560000,8.3810,8.3810,8.3140,8.3350,58318,1647559619999,486668.7550,1509,21790,181785.6300,0
1647559620000,8.3350,8.4040,8.3310,8.3930,61553,1647559679999,515450.1460,1949,44302,370981.6960,0
1647559680000,8.3930,8.4510,8.3820,8.4360,85848,1647559739999,723065.8730,2184,48276,406660.8450,0
1647559740000,8.4390,8.4500,8.4020,8.4410,62694,1647559799999,528763.8060,1930,30237,255101.0300,0
1647559800000,8.4430,8.5080,8.4210,8.4870,108911,1647559859999,922344.0290,2699,64819,549068.0500,0
1647559860000,8.4870,8.4990,8.4630,8.4890,59914,1647559919999,508368.2560,1766,27096,229967.0710,0
1647559920000,8.4890,8.5060,8.4600,8.4990,57986,1647559979999,491654.2200,1556,33630,285251.8960,0
1647559980000,8.5030,8.5610,8.5020,8.5310,111998,1647560039999,955445.9840,3013,62625,534383.0810,0
1647560040000,8.5300,8.5720,8.5180,8.5400,96749,1647560099999,826142.0450,2565,53587,457614.8430,0
1647560100000,8.5410,8.5520,8.4400,8.4670,125231,1647560159999,1063459.1050,3317,54862,466036.6170,0
1647560160000,8.4670,8.4760,8.4010,8.4350,132528,1647560219999,1117140.1940,3087,58019,489213.1080,0
1647560220000,8.4300,8.4360,8.3750,8.4240,77958,1647560279999,654863.8320,2236,39594,332660.5280,0
1647560280000,8.4240,8.4310,8.3840,8.3970,50354,1647560339999,423183.9290,1177,23439,196965.4280,0
1647560340000,8.3970,8.4510,8.3970,8.4110,73949,1647560399999,623136.6810,1770,41435,349110.0410,0
1647560400000,8.4100,8.4380,8.3880,8.4100,40932,1647560459999,344224.8410,1212,18941,159335.1110,0
1647560460000,8.4090,8.4350,8.3850,8.4280,57010,1647560519999,479593.1470,1423,26018,218941.0720,0
1647560520000,8.4270,8.4290,8.4020,8.4020,31608,1647560579999,266096.4240,523,3918,33005.7220,0
1647560580000,8.4000,8.4000,8.3170,8.3670,102717,1647560639999,858416.1020,2298,42244,353005.0110,0
1647560640000,8.3670,8.3680,8.3360,8.3440,34867,1647560699999,291108.8840,784,13863,115768.9920,0
1647560700000,8.3420,8.3890,8.3170,8.3890,62788,1647560759999,524494.4720,1437,31249,261185.7980,0
1647560760000,8.3890,8.4410,8.3870,8.4370,57048,1647560819999,479734.9740,1401,34943,293894.2610,0
1647560820000,8.4380,8.4500,8.4170,8.4240,36133,1647560879999,304694.7370,1056,17493,147565.8330,0
1647560880000,8.4260,8.4740,8.4230,8.4690,50084,1647560939999,422867.9950,990,33355,281809.4620,0
1647560940000,8.4700,8.5270,8.4680,8.5010,62875,1647560999999,534459.1950,1554,35101,298403.7610,0
1647561000000,8.5030,8.5370,8.4830,8.5240,73006,1647561059999,621059.7310,1806,39123,333059.8670,0
1647561060000,8.5260,8.5760,8.5230,8.5700,119425,1647561119999,1021562.4710,2851,61670,527707.9370,0
1647561120000,8.5680,8.5910,8.5490,8.5820,84172,1647561179999,721722.2200,2405,42286,362683.2570,0
1647561180000,8.5820,8.5830,8.4610,8.5080,168941,1647561239999,1438682.1410,3820,59792,509060.2970,0
1647561240000,8.5070,8.5130,8.4700,8.5100,49928,1647561299999,423830.0370,1442,23545,199967.9640,0
1647561300000,8.5090,8.5500,8.4960,8.5070,73603,1647561359999,626969.6710,1615,38137,324912.7080,0
1647561360000,8.5100,8.5100,8.4700,8.4910,41788,1647561419999,354566.8100,1132,17076,144871.9810,0
1647561420000,8.4910,8.5000,8.4700,8.4730,36105,1647561479999,306336.5120,1006,19530,165753.0230,0
1647561480000,8.4730,8.5280,8.4710,8.5200,35569,1647561539999,302219.3720,993,23478,199541.4270,0
1647561540000,8.5200,8.5580,8.5110,8.5310,59405,1647561599999,506893.4630,1581,33087,282371.9580,0
